time_s,thrust_N,chamber_pressure_bar,tank_pressure_bar
0.0000,0.000,3.169,56.017
0.0048,3.689,3.169,56.017
0.0148,8.383,4.427,55.942
0.0248,16.396,6.065,55.793
0.0348,30.411,8.079,55.599
0.0448,53.668,10.748,55.337
0.0548,85.612,13.713,55.025
0.0648,133.940,17.106,54.688
0.0748,184.057,21.329,54.412
0.0848,243.798,26.957,54.176
0.0948,320.161,32.142,54.063
0.1048,409.729,34.028,54.028
0.1148,486.226,34.994,54.013
0.1248,518.160,36.071,53.947
0.1348,541.394,35.859,53.839
0.1448,567.950,34.940,53.626
0.1548,574.783,36.535,53.380
0.1648,571.775,38.115,53.134
0.1748,603.859,38.072,52.931
0.1848,627.042,37.274,52.767
0.1948,613.874,36.387,52.653
0.2048,598.063,35.584,52.541
0.2148,581.730,35.043,52.444
0.2248,568.187,34.617,52.347
0.2348,559.826,34.269,52.237
0.2448,556.518,33.844,52.121
0.2548,551.705,33.615,51.999
0.2648,546.630,33.168,51.875
0.2748,540.203,32.673,51.759
0.2848,532.318,32.143,51.646
0.2948,522.802,31.906,51.534
0.3048,514.202,31.494,51.428
0.3148,507.367,31.312,51.323
0.3248,503.838,31.183,51.221
0.3348,501.005,31.038,51.122
0.3448,498.950,30.707,51.028
0.3548,496.773,30.380,50.930
0.3648,492.898,30.086,50.836
0.3748,487.724,29.884,50.746
0.3848,483.125,29.672,50.654
0.3948,479.997,29.470,50.564
0.4048,476.994,29.320,50.479
0.4148,474.633,29.114,50.392
0.4248,472.961,28.973,50.299
0.4348,471.211,28.703,50.213
0.4448,468.819,28.415,50.122
0.4548,464.783,28.352,50.036
0.4648,459.039,28.330,49.947
0.4748,455.216,28.145,49.864
0.4848,453.847,28.013,49.781
0.4948,451.889,28.174,49.704
0.5048,450.623,28.061,49.625
0.5148,451.422,27.893,49.548
0.5248,450.346,27.815,49.470
0.5348,447.058,27.601,49.394
0.5448,444.169,27.170,49.317
0.5548,439.917,27.006,49.240
0.5648,435.320,26.984,49.165
0.5748,432.418,26.614,49.092
0.5848,430.668,26.421,49.016
0.5948,425.754,26.424,48.938
0.6048,422.399,26.534,48.865
0.6148,420.651,26.252,48.791
0.6248,419.739,26.341,48.721
0.6348,416.757,26.595,48.649
0.6448,416.087,26.653,48.583
0.6548,418.765,26.331,48.512
0.6648,420.822,26.104,48.445
0.6748,418.443,26.069,48.378
0.6848,414.154,25.896,48.314
0.6948,412.941,25.856,48.245
0.7048,411.679,25.824,48.180
0.7148,409.870,25.851,48.118
0.7248,409.927,25.885,48.051
0.7348,411.746,25.804,47.987
0.7448,413.109,25.560,47.923
0.7548,411.738,25.604,47.865
0.7648,408.103,25.576,47.805
0.7748,407.021,25.562,47.749
0.7848,407.810,25.405,47.694
0.7948,408.689,25.539,47.643
0.8048,407.563,25.426,47.591
0.8148,407.396,25.205,47.539
0.8248,405.815,24.819,47.492
0.8348,399.069,24.857,47.441
0.8448,391.333,24.927,47.394
0.8548,389.233,24.699,47.349
0.8648,391.786,24.996,47.305
0.8748,391.509,25.169,47.262
0.8848,396.230,25.063,47.220
0.8948,400.296,24.987,47.182
0.9048,398.993,24.844,47.139
0.9148,395.976,24.468,47.100
0.9248,391.906,24.195,47.054
0.9348,386.768,24.138,47.013
0.9448,382.219,23.861,46.970
0.9548,380.533,23.883,46.927
0.9648,377.449,23.991,46.885
0.9748,377.232,24.063,46.845
0.9848,378.309,24.044,46.801
0.9948,379.368,24.043,46.762
1.0048,379.941,24.031,46.728
1.0148,380.174,24.024,46.688
1.0248,380.325,24.065,46.653
1.0348,380.393,24.082,46.626
1.0448,380.458,24.071,46.594
1.0548,380.593,24.081,46.557
1.0648,380.657,24.055,46.520
1.0748,380.674,24.000,46.487
1.0848,380.553,24.000,46.449
1.0948,380.291,23.990,46.421
1.1048,380.141,24.008,46.391
1.1148,380.217,24.017,46.368
1.1248,380.241,23.997,46.339
1.1348,380.216,23.948,46.314
1.1448,380.111,23.918,46.281
1.1548,379.770,23.866,46.247
1.1648,379.355,23.811,46.218
1.1748,379.066,23.764,46.194
1.1848,378.682,23.768,46.167
1.1948,378.217,23.766,46.140
1.2048,377.959,23.700,46.119
1.2148,377.754,23.697,46.095
1.2248,377.420,23.691,46.071
1.2348,377.231,23.624,46.049
1.2448,377.155,23.542,46.031
1.2548,376.887,23.531,46.013
1.2648,376.414,23.493,45.990
1.2748,376.062,23.487,45.970
1.2848,375.831,23.473,45.946
1.2948,375.666,23.439,45.927
1.3048,375.470,23.408,45.904
1.3148,375.234,23.407,45.891
1.3248,374.985,23.379,45.873
1.3348,374.733,23.317,45.860
1.3448,374.438,23.358,45.841
1.3548,374.117,23.346,45.827
1.3648,373.954,23.255,45.809
1.3748,373.751,23.210,45.794
1.3848,373.298,23.228,45.776
1.3948,372.949,23.179,45.765
1.4048,372.758,23.184,45.751
1.4148,372.576,23.305,45.741
1.4248,372.493,23.430,45.728
1.4348,372.852,23.396,45.718
1.4448,373.411,23.396,45.712
1.4548,373.458,23.399,45.703
1.4648,373.323,23.341,45.692
1.4748,373.215,23.357,45.682
1.4848,372.993,23.686,45.675
1.4948,373.186,23.949,45.665
1.5048,375.856,24.283,45.658
1.5148,380.608,24.405,45.658
1.5248,385.086,24.299,45.654
1.5348,386.633,24.267,45.652
1.5448,386.396,24.297,45.652
1.5548,386.697,24.273,45.654
1.5648,386.424,24.429,45.648
1.5748,386.505,24.666,45.648
1.5848,389.477,24.714,45.646
1.5948,393.833,24.711,45.643
1.6048,395.692,24.618,45.644
1.6148,396.247,24.393,45.648
1.6248,394.492,24.498,45.658
1.6348,391.329,24.306,45.663
1.6448,390.478,24.219,45.669
1.6548,388.163,24.371,45.675
1.6648,385.255,24.495,45.679
1.6748,387.215,24.544,45.681
1.6848,389.605,24.555,45.686
1.6948,390.823,24.529,45.691
1.7048,391.210,24.583,45.692
1.7148,390.875,24.512,45.700
1.7248,390.665,24.174,45.706
1.7348,388.964,24.228,45.716
1.7448,384.457,24.494,45.724
1.7548,383.246,24.257,45.736
1.7648,386.583,24.344,45.744
1.7748,386.086,24.761,45.755
1.7848,387.340,24.792,45.760
1.7948,392.643,24.653,45.767
1.8048,395.662,24.757,45.777
1.8148,395.254,24.954,45.784
1.8248,396.811,24.663,45.788
1.8348,399.211,24.656,45.799
1.8448,397.305,24.665,45.812
1.8548,395.613,24.743,45.821
1.8648,395.933,24.527,45.835
1.8748,395.255,24.735,45.854
1.8848,393.397,24.887,45.868
1.8948,394.466,24.794,45.881
1.9048,396.903,24.733,45.894
1.9148,395.740,24.855,45.908
1.9248,395.173,24.860,45.921
1.9348,396.646,24.758,45.937
1.9448,397.671,24.961,45.953
1.9548,397.413,25.009,45.971
1.9648,400.497,25.049,45.985
1.9748,402.492,25.103,45.994
1.9848,402.845,25.054,46.006
1.9948,403.051,25.156,46.018
2.0048,402.841,25.012,46.026
2.0148,402.760,24.998,46.038
2.0248,401.601,24.907,46.057
2.0348,400.975,25.090,46.073
2.0448,401.179,24.884,46.091
2.0548,402.509,25.039,46.112
2.0648,401.533,25.102,46.131
2.0748,402.476,25.188,46.144
2.0848,404.310,25.213,46.162
2.0948,405.159,25.252,46.179
2.1048,406.271,25.281,46.192
2.1147,407.867,25.229,46.210
2.1248,408.422,25.343,46.232
2.1348,408.819,25.126,46.251
2.1448,409.164,25.196,46.270
2.1548,407.378,25.321,46.290
2.1648,406.699,25.329,46.312
2.1748,407.484,25.285,46.332
2.1848,407.808,25.358,46.351
2.1947,407.954,25.442,46.366
2.2048,409.525,25.276,46.382
2.2148,410.812,25.350,46.398
2.2248,410.975,25.219,46.411
2.2348,410.971,25.280,46.427
2.2448,410.520,25.392,46.444
2.2548,410.282,25.437,46.462
2.2648,411.824,25.496,46.474
2.2748,412.984,25.502,46.486
2.2848,413.293,25.647,46.496
2.2948,413.842,25.438,46.508
2.3048,414.631,25.429,46.520
2.3148,412.782,25.372,46.530
2.3248,411.020,25.561,46.541
2.3348,411.281,25.331,46.554
2.3448,411.983,25.460,46.567
2.3548,410.683,25.525,46.576
2.3647,411.027,25.603,46.583
2.3748,412.578,25.392,46.595
2.3848,412.875,25.496,46.603
2.3948,411.880,25.567,46.603
2.4048,412.513,25.595,46.608
2.4148,414.084,25.547,46.616
2.4248,414.519,25.609,46.617
2.4348,414.304,25.681,46.620
2.4447,414.956,25.575,46.627
2.4548,416.129,25.578,46.632
2.4648,415.778,25.653,46.635
2.4748,415.849,25.656,46.643
2.4848,416.845,25.502,46.640
2.4948,416.711,25.456,46.642
2.5048,414.954,25.288,46.638
2.5148,413.239,25.221,46.633
2.5248,411.130,25.245,46.626
2.5348,409.267,25.428,46.626
2.5448,409.388,25.549,46.621
2.5548,411.469,25.711,46.616
2.5648,413.515,25.690,46.614
2.5748,415.690,25.608,46.612
2.5848,416.332,25.622,46.605
2.5948,415.201,25.670,46.600
2.6048,415.020,25.543,46.599
2.6147,414.807,25.599,46.594
2.6248,413.646,25.619,46.590
2.6348,413.538,25.510,46.583
2.6448,413.930,25.409,46.575
2.6548,412.761,25.501,46.569
2.6648,411.977,25.438,46.558
2.6748,412.343,25.448,46.549
2.6848,412.172,25.478,46.539
2.6947,412.029,25.478,46.530
2.7048,412.410,25.488,46.517
2.7148,412.386,25.418,46.509
2.7248,412.359,25.416,46.496
2.7348,412.176,25.360,46.485
2.7448,411.885,25.310,46.472
2.7548,411.219,25.235,46.461
2.7648,410.214,25.265,46.448
2.7748,409.168,25.339,46.433
2.7848,408.896,25.330,46.420
2.7948,409.702,25.283,46.406
2.8048,410.104,25.318,46.398
2.8148,409.986,25.345,46.384
2.8248,410.328,25.292,46.371
2.8348,410.473,25.403,46.357
2.8448,410.048,25.442,46.345
2.8548,410.408,25.344,46.326
2.8647,410.763,25.332,46.313
2.8748,410.038,25.270,46.303
2.8848,409.546,25.112,46.288
2.8948,408.721,24.973,46.276
2.9048,406.823,24.915,46.264
2.9148,405.231,24.777,46.253
2.9248,404.199,24.643,46.235
2.9348,402.840,24.542,46.228
2.9447,401.385,24.547,46.213
2.9548,400.681,24.533,46.198
2.9648,400.412,24.510,46.182
2.9748,399.971,24.520,46.172
2.9848,399.516,24.577,46.153
2.9948,399.447,24.555,46.139
3.0048,399.581,24.479,46.127
3.0148,399.424,24.407,46.118
3.0248,399.027,24.372,46.100
3.0348,398.546,24.328,46.088
3.0448,398.048,24.290,46.075
3.0548,397.590,24.263,46.061
3.0648,397.181,24.232,46.042
3.0748,396.884,24.218,46.026
3.0848,396.584,24.152,46.013
3.0948,396.263,24.125,46.004
3.1048,395.918,24.181,45.990
3.1147,395.746,24.242,45.975
3.1248,395.954,24.216,45.964
3.1348,396.282,24.221,45.952
3.1448,396.360,24.223,45.932
3.1548,396.280,24.158,45.926
3.1648,396.239,24.068,45.913
3.1748,395.891,24.043,45.901
3.1848,395.354,24.024,45.889
3.1947,395.050,24.033,45.880
3.2047,394.905,24.035,45.857
3.2148,394.784,24.068,45.841
3.2248,394.798,24.054,45.826
3.2348,394.886,24.033,45.807
3.2448,394.862,24.011,45.788
3.2548,394.721,23.991,45.778
3.2648,394.569,23.989,45.765
3.2748,394.349,24.029,45.754
3.2848,394.123,24.043,45.745
3.2948,394.073,24.016,45.739
3.3047,393.939,24.009,45.728
3.3148,393.621,23.993,45.719
3.3248,393.314,23.918,45.706
3.3348,393.089,23.858,45.694
3.3448,392.754,23.761,45.676
3.3548,392.345,23.700,45.660
3.3647,391.830,23.614,45.645
3.3748,391.261,23.548,45.629
3.3848,390.635,23.512,45.610
3.3948,389.871,23.562,45.599
3.4048,389.349,23.571,45.587
3.4148,389.192,23.584,45.576
3.4248,389.099,23.608,45.562
3.4348,388.998,23.585,45.550
3.4448,388.999,23.540,45.533
3.4547,388.878,23.472,45.520
3.4648,388.692,23.402,45.510
3.4748,388.467,23.365,45.500
3.4848,388.073,23.392,45.487
3.4948,387.350,23.412,45.477
3.5048,386.878,23.413,45.462
3.5148,386.453,23.422,45.445
3.5248,385.853,23.383,45.429
3.5348,385.310,23.302,45.415
3.5448,385.063,23.220,45.401
3.5547,384.588,23.192,45.391
3.5648,384.030,23.153,45.383
3.5748,383.667,23.088,45.372
3.5848,383.392,23.043,45.356
3.5948,383.074,23.034,45.344
3.6048,382.809,23.010,45.326
3.6147,382.616,22.962,45.309
3.6248,382.412,23.015,45.294
3.6348,382.191,23.048,45.283
3.6448,382.131,23.054,45.271
3.6548,382.129,23.048,45.258
3.6648,382.079,23.098,45.243
3.6748,382.038,23.072,45.231
3.6848,381.987,23.077,45.218
3.6948,381.854,23.082,45.208
3.7047,381.693,23.093,45.195
3.7148,381.579,23.049,45.188
3.7248,381.457,23.016,45.174
3.7348,381.316,23.000,45.161
3.7448,381.190,22.990,45.145
3.7548,381.096,22.969,45.134
3.7648,381.000,22.973,45.120
3.7748,380.915,22.965,45.109
3.7848,380.818,22.949,45.097
3.7948,380.706,22.919,45.086
3.8047,380.636,22.912,45.072
3.8148,380.597,22.867,45.062
3.8248,380.536,22.863,45.048
3.8348,380.483,22.833,45.037
3.8448,380.446,22.826,45.023
3.8548,380.393,22.790,45.009
3.8647,380.297,22.795,44.991
3.8748,380.169,22.768,44.976
3.8848,380.061,22.766,44.962
3.8948,379.973,22.755,44.946
3.9048,379.845,22.770,44.932
3.9148,379.692,22.769,44.921
3.9248,379.584,22.776,44.909
3.9348,379.537,22.774,44.896
3.9448,379.531,22.785,44.887
3.9547,379.567,22.787,44.877
3.9648,379.668,22.802,44.863
3.9748,379.780,22.820,44.854
3.9848,379.819,22.828,44.840
3.9948,379.814,22.830,44.825
4.0047,379.769,22.820,44.805
4.0148,379.688,22.796,44.793
4.0248,379.583,22.820,44.776
4.0348,379.546,22.846,44.761
4.0448,379.629,22.861,44.752
4.0548,379.782,22.870,44.744
4.0648,379.900,22.906,44.731
4.0747,380.005,22.884,44.719
4.0848,380.070,22.896,44.709
4.0948,380.006,22.886,44.692
4.1048,379.866,22.891,44.682
4.1147,379.731,22.867,44.666
4.1248,379.610,22.847,44.656
4.1348,379.491,22.820,44.642
4.1448,379.384,22.806,44.631
4.1548,379.337,22.784,44.617
4.1647,379.320,22.798,44.606
4.1748,379.294,22.834,44.591
4.1848,379.302,22.827,44.579
4.1948,379.370,22.814,44.564
4.2047,379.313,22.838,44.546
4.2148,379.170,22.825,44.537
4.2248,379.051,22.803,44.523
4.2348,378.883,22.809,44.509
4.2448,378.695,22.829,44.498
4.2547,378.599,22.811,44.489
4.2648,378.551,22.802,44.470
4.2748,378.464,22.791,44.455
4.2848,378.353,22.786,44.445
4.2948,378.164,22.770,44.434
4.3048,377.935,22.743,44.421
4.3148,377.684,22.740,44.408
4.3247,377.432,22.741,44.397
4.3348,377.290,22.745,44.381
4.3448,377.229,22.742,44.365
4.3548,377.197,22.754,44.348
4.3647,377.163,22.763,44.332
4.3748,377.123,22.771,44.318
4.3848,377.011,22.788,44.305
4.3948,376.856,22.800,44.292
4.4048,376.704,22.816,44.281
4.4147,376.567,22.826,44.273
4.4248,376.434,22.818,44.260
4.4348,376.279,22.773,44.248
4.4448,376.124,22.739,44.235
4.4547,375.927,22.700,44.221
4.4648,375.722,22.686,44.204
4.4748,375.517,22.655,44.190
4.4848,375.370,22.646,44.174
4.4948,375.209,22.666,44.159
4.5047,375.045,22.651,44.146
4.5148,374.914,22.631,44.134
4.5248,374.731,22.646,44.124
4.5348,374.527,22.636,44.111
4.5448,374.378,22.598,44.103
4.5548,374.229,22.592,44.092
4.5648,374.039,22.593,44.077
4.5747,373.899,22.591,44.063
4.5848,373.776,22.586,44.052
4.5948,373.647,22.573,44.036
4.6048,373.519,22.605,44.025
4.6147,373.378,22.619,44.016
4.6248,373.295,22.610,44.000
4.6348,373.232,22.606,43.984
4.6448,373.108,22.615,43.974
4.6548,372.960,22.591,43.961
4.6647,372.848,22.554,43.948
4.6748,372.724,22.533,43.941
4.6848,372.565,22.539,43.930
4.6948,372.454,22.538,43.915
4.7047,372.404,22.566,43.895
4.7148,372.359,22.566,43.879
4.7248,372.310,22.566,43.862
4.7348,372.249,22.576,43.844
4.7448,372.166,22.588,43.830
4.7547,372.122,22.574,43.818
4.7648,372.096,22.547,43.807
4.7748,372.043,22.530,43.795
4.7848,371.963,22.525,43.781
4.7948,371.878,22.520,43.766
4.8048,371.786,22.503,43.753
4.8148,371.692,22.511,43.739
4.8247,371.594,22.518,43.725
4.8348,371.500,22.506,43.713
4.8448,371.439,22.476,43.701
4.8548,371.364,22.476,43.691
4.8647,371.249,22.501,43.680
4.8748,371.167,22.499,43.666
4.8848,371.150,22.476,43.658
4.8948,371.123,22.477,43.644
4.9048,371.083,22.482,43.630
4.9147,371.085,22.427,43.612
4.9248,371.083,22.431,43.601
4.9348,371.018,22.429,43.587
4.9448,370.965,22.414,43.574
4.9547,370.895,22.376,43.560
4.9648,370.770,22.389,43.551
4.9748,370.636,22.400,43.538
4.9848,370.550,22.400,43.524
4.9948,370.544,22.405,43.512
5.0047,370.550,22.415,43.501
5.0148,370.553,22.423,43.489
5.0248,370.561,22.383,43.478
5.0348,370.572,22.384,43.465
5.0448,370.483,22.382,43.451
5.0548,370.394,22.366,43.436
5.0648,370.359,22.334,43.422
5.0747,370.297,22.340,43.409
5.0848,370.231,22.354,43.398
5.0948,370.207,22.377,43.387
5.1048,370.197,22.375,43.376
5.1147,370.154,22.379,43.362
5.1248,370.111,22.365,43.346
5.1348,370.077,22.342,43.330
5.1448,370.042,22.295,43.315
5.1548,369.999,22.277,43.298
5.1647,369.974,22.271,43.285
5.1748,369.961,22.287,43.271
5.1848,369.961,22.303,43.258
5.1948,369.992,22.318,43.248
5.2047,370.065,22.333,43.238
5.2148,370.120,22.349,43.226
5.2248,370.176,22.339,43.214
5.2348,370.208,22.297,43.202
5.2448,370.171,22.276,43.188
5.2547,370.055,22.265,43.172
5.2648,369.968,22.235,43.156
5.2748,369.897,22.227,43.141
5.2848,369.832,22.250,43.129
5.2948,369.817,22.244,43.113
5.3048,369.840,22.246,43.100
5.3148,369.830,22.237,43.090
5.3247,369.807,22.217,43.078
5.3348,369.783,22.199,43.064
5.3448,369.730,22.179,43.051
5.3548,369.691,22.141,43.034
5.3647,369.681,22.144,43.018
5.3748,369.683,22.164,43.010
5.3848,369.700,22.149,42.997
5.3948,369.736,22.145,42.985
5.4048,369.752,22.164,42.976
5.4147,369.754,22.158,42.967
5.4248,369.778,22.131,42.952
5.4348,369.788,22.126,42.936
5.4448,369.757,22.130,42.922
5.4547,369.751,22.109,42.907
5.4648,369.773,22.109,42.892
5.4748,369.766,22.112,42.880
5.4848,369.750,22.108,42.868
5.4948,369.772,22.103,42.858
5.5047,369.767,22.107,42.846
5.5148,369.722,22.093,42.833
5.5248,369.692,22.077,42.816
5.5348,369.645,22.078,42.805
5.5448,369.579,22.068,42.791
5.5548,369.533,22.075,42.776
5.5648,369.534,22.062,42.761
5.5747,369.558,22.072,42.748
5.5848,369.612,22.060,42.734
5.5948,369.688,22.060,42.721
5.6048,369.754,22.049,42.710
5.6147,369.779,22.053,42.699
5.6248,369.775,22.042,42.687
5.6348,369.732,22.019,42.675
5.6448,369.680,22.018,42.661
5.6548,369.630,22.015,42.647
5.6647,369.608,22.008,42.633
5.6748,369.584,21.992,42.619
5.6848,369.549,22.003,42.602
5.6948,369.498,22.021,42.587
5.7047,369.504,22.021,42.575
5.7148,369.540,22.033,42.564
5.7248,369.584,22.022,42.553
5.7348,369.652,22.000,42.546
5.7448,369.684,21.972,42.537
5.7547,369.616,21.980,42.524
5.7648,369.531,21.949,42.510
5.7748,369.459,21.965,42.491
5.7848,369.358,21.991,42.474
5.7948,369.324,22.007,42.458
5.8048,369.394,21.993,42.444
5.8148,369.449,21.995,42.431
5.8247,369.460,21.982,42.422
5.8348,369.463,21.958,42.414
5.8448,369.420,21.941,42.400
5.8548,369.322,21.927,42.386
5.8647,369.240,21.911,42.371
5.8748,369.186,21.907,42.356
5.8848,369.151,21.901,42.338
5.8948,369.114,21.882,42.323
5.9048,369.103,21.847,42.310
5.9147,369.052,21.853,42.299
5.9248,368.961,21.853,42.286
5.9348,368.886,21.849,42.271
5.9448,368.855,21.853,42.260
5.9547,368.811,21.873,42.248
5.9648,368.806,21.882,42.236
5.9748,368.849,21.874,42.222
5.9848,368.897,21.884,42.210
5.9948,368.945,21.892,42.199
6.0047,368.977,21.891,42.189
6.0148,368.992,21.896,42.180
6.0248,368.999,21.913,42.169
6.0348,369.026,21.914,42.158
6.0448,369.052,21.892,42.143
6.0548,369.060,21.886,42.131
6.0648,369.018,21.877,42.113
6.0747,368.944,21.858,42.095
6.0848,368.861,21.852,42.080
6.0948,368.779,21.882,42.066
6.1048,368.744,21.893,42.051
6.1147,368.774,21.894,42.042
6.1248,368.820,21.892,42.033
6.1348,368.848,21.888,42.021
6.1448,368.840,21.866,42.005
6.1548,368.799,21.866,41.991
6.1647,368.736,21.868,41.972
6.1748,368.678,21.875,41.959
6.1848,368.637,21.876,41.948
6.1948,368.640,21.875,41.939
6.2047,368.651,21.885,41.923
6.2148,368.635,21.872,41.907
6.2248,368.611,21.875,41.895
6.2348,368.574,21.877,41.881
6.2448,368.525,21.888,41.870
6.2547,368.490,21.872,41.857
6.2648,368.478,21.863,41.845
6.2748,368.463,21.866,41.831
6.2848,368.434,21.863,41.816
6.2948,368.422,21.844,41.801
6.3048,368.409,21.836,41.790
6.3148,368.379,21.836,41.777
6.3247,368.342,21.837,41.763
6.3348,368.327,21.827,41.751
6.3448,368.316,21.822,41.737
6.3548,368.284,21.821,41.724
6.3647,368.252,21.819,41.712
6.3748,368.245,21.812,41.699
6.3848,368.251,21.832,41.691
6.3948,368.255,21.855,41.680
6.4047,368.294,21.851,41.668
6.4148,368.350,21.859,41.656
6.4248,368.390,21.846,41.642
6.4347,368.424,21.815,41.630
6.4448,368.444,21.795,41.614
6.4547,368.374,21.797,41.599
6.4648,368.279,21.790,41.587
6.4748,368.198,21.808,41.574
6.4848,368.138,21.818,41.556
6.4948,368.104,21.830,41.541
6.5047,368.096,21.831,41.527
6.5148,368.105,21.832,41.509
6.5248,368.105,21.827,41.493
6.5347,368.080,21.834,41.476
6.5448,368.048,21.834,41.463
6.5548,368.051,21.839,41.452
6.5648,368.063,21.825,41.442
6.5747,368.068,21.796,41.431
6.5847,368.032,21.783,41.428
6.5948,367.965,21.786,41.416
6.6048,367.904,21.792,41.402
6.6148,367.853,21.797,41.387
6.6248,367.837,21.822,41.375
6.6347,367.854,21.805,41.358
6.6448,367.890,21.784,41.343
6.6547,367.887,21.772,41.331
6.6648,367.825,21.764,41.325
6.6748,367.761,21.762,41.313
6.6847,367.702,21.768,41.298
6.6948,367.646,21.758,41.286
6.7047,367.618,21.747,41.272
6.7148,367.629,21.758,41.256
6.7248,367.633,21.751,41.238
6.7348,367.632,21.754,41.227
6.7448,367.603,21.768,41.211
6.7547,367.570,21.755,41.195
6.7648,367.566,21.731,41.179
6.7748,367.538,21.711,41.165
6.7847,367.484,21.723,41.147
6.7948,367.453,21.721,41.133
6.8048,367.448,21.729,41.120
6.8148,367.432,21.753,41.106
6.8247,367.427,21.785,41.096
6.8347,367.459,21.789,41.090
6.8448,367.499,21.811,41.077
6.8548,367.542,21.832,41.064
6.8648,367.610,21.841,41.052
6.8748,367.679,21.856,41.042
6.8847,367.708,21.858,41.030
6.8948,367.722,21.854,41.020
6.9047,367.689,21.869,41.009
6.9148,367.612,21.871,40.998
6.9248,367.566,21.858,40.986
6.9347,367.541,21.864,40.971
6.9448,367.505,21.879,40.959
6.9547,367.503,21.866,40.948
6.9648,367.507,21.868,40.936
6.9748,367.459,21.881,40.922
6.9848,367.425,21.881,40.910
6.9948,367.426,21.865,40.902
7.0047,367.399,21.859,40.889
7.0148,367.353,21.843,40.877
7.0248,367.320,21.824,40.863
7.0347,367.268,21.827,40.854
7.0448,367.202,21.837,40.840
7.0548,367.173,21.841,40.832
7.0648,367.175,21.858,40.822
7.0747,367.197,21.874,40.811
7.0847,367.224,21.870,40.796
7.0948,367.240,21.878,40.781
7.1048,367.232,21.911,40.773
7.1148,367.237,21.918,40.763
7.1248,367.253,21.910,40.755
7.1347,367.261,21.896,40.742
7.1448,367.241,21.884,40.730
7.1547,367.202,21.859,40.711
7.1648,367.130,21.846,40.691
7.1748,367.039,21.843,40.676
7.1847,366.972,21.857,40.670
7.1948,366.940,21.859,40.662
7.2047,366.926,21.854,40.656
7.2148,366.918,21.848,40.653
7.2248,366.883,21.830,40.646
7.2348,366.818,21.830,40.637
7.2448,366.725,21.846,40.634
7.2547,366.673,21.864,40.622
7.2648,366.700,21.885,40.612
7.2748,366.732,21.928,40.606
7.2847,366.780,21.972,40.594
7.2948,366.890,21.987,40.580
7.3048,366.991,22.000,40.575
7.3148,367.003,22.008,40.565
7.3247,367.011,22.020,40.554
7.3347,367.019,22.013,40.546
7.3448,367.016,22.025,40.539
7.3548,366.998,22.019,40.529
7.3648,366.990,22.033,40.518
7.3748,366.981,22.041,40.502
7.3847,366.983,22.038,40.488
7.3948,366.979,22.035,40.470
7.4047,366.946,22.039,40.455
7.4148,366.924,22.063,40.445
7.4248,366.917,22.084,40.435
7.4347,366.945,22.100,40.422
7.4448,366.989,22.084,40.413
7.4547,367.017,22.106,40.400
7.4648,367.034,22.097,40.384
7.4748,367.064,22.095,40.373
7.4848,367.051,22.105,40.360
7.4948,367.001,22.135,40.342
7.5047,366.993,22.118,40.330
7.5148,367.000,22.110,40.318
7.5248,366.972,22.086,40.304
7.5347,366.935,22.069,40.289
7.5448,366.903,22.050,40.278
7.5548,366.847,22.051,40.263
7.5648,366.785,22.046,40.244
7.5747,366.744,22.040,40.227
7.5847,366.715,22.022,40.211
7.5948,366.686,22.024,40.193
7.6048,366.672,22.022,40.173
7.6148,366.666,22.024,40.161
7.6248,366.676,22.036,40.143
7.6347,366.689,22.053,40.126
7.6448,366.716,22.058,40.111
7.6547,366.746,22.069,40.099
7.6648,366.785,22.067,40.080
7.6748,366.811,22.043,40.066
7.6847,366.821,22.025,40.051
7.6948,366.797,22.013,40.033
7.7047,366.768,21.998,40.012
7.7148,366.751,21.992,39.998
7.7248,366.734,22.002,39.982
7.7348,366.692,22.018,39.967
7.7448,366.680,22.026,39.954
7.7547,366.701,22.025,39.944
7.7648,366.714,22.026,39.932
7.7748,366.697,22.036,39.921
7.7847,366.712,22.028,39.911
7.7948,366.730,22.011,39.901
7.8048,366.688,22.010,39.888
7.8148,366.597,22.022,39.875
7.8247,366.554,22.019,39.866
7.8347,366.546,22.014,39.855
7.8448,366.528,22.010,39.842
7.8548,366.530,22.021,39.831
7.8648,366.568,22.020,39.821
7.8748,366.613,22.032,39.809
7.8847,366.640,22.051,39.793
7.8948,366.671,22.069,39.785
7.9047,366.714,22.064,39.775
7.9148,366.757,22.048,39.766
7.9248,366.751,22.030,39.755
7.9347,366.724,21.999,39.749
7.9448,366.697,21.968,39.738
7.9547,366.650,21.940,39.726
7.9648,366.584,21.936,39.716
7.9748,366.550,21.936,39.706
7.9848,366.556,21.946,39.696
7.9948,366.575,21.956,39.687
8.0047,366.577,21.968,39.683
8.0148,366.586,21.971,39.676
8.0248,366.605,21.953,39.667
8.0347,366.619,21.938,39.659
8.0448,366.612,21.928,39.645
8.0548,366.617,21.936,39.628
8.0648,366.651,21.940,39.612
8.0747,366.691,21.950,39.602
8.0847,366.705,21.951,39.591
8.0948,366.717,21.953,39.583
8.1047,366.737,21.934,39.575
8.1148,366.740,21.913,39.563
8.1248,366.723,21.898,39.545
8.1348,366.703,21.896,39.523
8.1448,366.701,21.879,39.502
8.1547,366.705,21.861,39.486
8.1648,366.697,21.837,39.473
8.1747,366.661,21.814,39.469
8.1847,366.599,21.803,39.472
8.1948,366.520,21.816,39.475
8.2048,366.487,21.823,39.477
8.2148,366.491,21.845,39.482
8.2248,366.496,21.857,39.480
8.2348,366.542,21.858,39.474
8.2447,366.620,21.844,39.465
8.2547,366.645,21.842,39.458
8.2648,366.634,21.835,39.446
8.2748,366.655,21.839,39.430
8.2847,366.686,21.835,39.411
8.2948,366.708,21.841,39.395
8.3048,366.726,21.841,39.371
8.3148,366.751,21.831,39.348
8.3247,366.768,21.812,39.325
8.3347,366.747,21.808,39.304
8.3448,366.717,21.805,39.281
8.3547,366.729,21.797,39.256
8.3648,366.761,21.791,39.233
8.3748,366.781,21.805,39.208
8.3848,366.800,21.800,39.182
8.3948,366.807,21.787,39.154
8.4047,366.779,21.782,39.129
8.4148,366.724,21.772,39.100
8.4247,366.679,21.747,39.072
8.4347,366.639,21.755,39.051
8.4448,366.614,21.763,39.030
8.4548,366.644,21.764,39.009
8.4648,366.704,21.770,38.987
8.4748,366.760,21.789,38.970
8.4848,366.831,21.783,38.943
8.4947,366.910,21.778,38.917
8.5047,366.958,21.776,38.890
8.5148,366.978,21.783,38.870
8.5248,366.995,21.763,38.849
8.5347,367.009,21.750,38.825
8.5448,367.001,21.738,38.807
8.5548,366.983,21.736,38.790
8.5648,366.992,21.717,38.768
8.5747,367.005,21.714,38.748
8.5847,366.998,21.709,38.734
8.5948,366.981,21.706,38.718
8.6047,366.972,21.689,38.702
8.6148,366.969,21.683,38.686
8.6248,366.961,21.692,38.667
8.6348,366.982,21.689,38.647
8.6448,367.051,21.683,38.627
8.6547,367.141,21.675,38.608
8.6648,367.217,21.662,38.590
8.6747,367.280,21.637,38.572
8.6847,367.321,21.638,38.553
8.6948,367.352,21.621,38.533
8.7048,367.362,21.623,38.514
8.7148,367.339,21.634,38.494
8.7248,367.336,21.650,38.477
8.7348,367.372,21.641,38.463
8.7447,367.407,21.643,38.446
8.7547,367.418,21.645,38.429
8.7648,367.436,21.650,38.415
8.7748,367.475,21.648,38.397
8.7847,367.512,21.656,38.376
8.7948,367.541,21.660,38.363
8.8048,367.567,21.670,38.348
8.8148,367.610,21.670,38.331
8.8247,367.667,21.675,38.314
8.8347,367.717,21.668,38.301
8.8448,367.747,21.664,38.283
8.8547,367.776,21.644,38.263
8.8648,367.800,21.637,38.246
8.8748,367.805,21.623,38.230
8.8848,367.832,21.614,38.209
8.8948,367.879,21.612,38.187
8.9047,367.934,21.598,38.168
8.9148,367.978,21.584,38.152
8.9247,367.982,21.579,38.138
8.9347,367.958,21.573,38.128
8.9448,367.957,21.555,38.116
8.9548,367.955,21.564,38.102
8.9648,367.966,21.567,38.087
8.9748,368.036,21.558,38.066
8.9848,368.129,21.544,38.048
8.9947,368.183,21.539,38.031
9.0047,368.214,21.527,38.013
9.0148,368.263,21.517,37.994
9.0248,368.298,21.511,37.979
9.0347,368.297,21.513,37.959
9.0448,368.284,21.513,37.943
9.0548,368.288,21.500,37.932
9.0648,368.277,21.498,37.915
9.0747,368.253,21.506,37.897
9.0847,368.249,21.507,37.888
9.0948,368.299,21.510,37.872
9.1047,368.364,21.506,37.850
9.1148,368.436,21.492,37.835
9.1248,368.507,21.468,37.823
9.1348,368.554,21.450,37.801
9.1448,368.558,21.438,37.782
9.1547,368.531,21.438,37.766
9.1648,368.490,21.470,37.751
9.1747,368.469,21.484,37.737
9.1847,368.485,21.489,37.724
9.1948,368.504,21.501,37.712
9.2048,368.550,21.500,37.699
9.2148,368.630,21.471,37.681
9.2248,368.718,21.457,37.666
9.2348,368.783,21.443,37.652
9.2447,368.847,21.428,37.638
9.2547,368.900,21.420,37.624
9.2648,368.907,21.420,37.611
9.2748,368.883,21.415,37.595
9.2847,368.852,21.424,37.577
9.2948,368.816,21.417,37.562
9.3048,368.798,21.419,37.548
9.3148,368.810,21.409,37.533
9.3247,368.851,21.395,37.516
9.3347,368.904,21.392,37.500
9.3448,368.966,21.394,37.481
9.3547,369.038,21.398,37.468
9.3648,369.116,21.402,37.452
9.3748,369.168,21.418,37.436
9.3848,369.230,21.419,37.423
9.3948,369.293,21.418,37.410
9.4047,369.329,21.401,37.391
9.4148,369.345,21.398,37.375
9.4247,369.359,21.382,37.359
9.4347,369.346,21.375,37.343
9.4448,369.319,21.368,37.328
9.4548,369.309,21.357,37.314
9.4648,369.327,21.346,37.300
9.4748,369.345,21.335,37.289
9.4848,369.365,21.327,37.273
9.4947,369.391,21.324,37.260
9.5047,369.412,21.325,37.240
9.5148,369.386,21.341,37.224
9.5248,369.366,21.354,37.207
9.5347,369.388,21.357,37.194
9.5448,369.436,21.354,37.179
9.5548,369.495,21.355,37.168
9.5648,369.575,21.341,37.156
9.5747,369.638,21.324,37.143
9.5847,369.653,21.303,37.125
9.5948,369.622,21.279,37.107
9.6047,369.537,21.269,37.091
9.6148,369.447,21.265,37.073
9.6248,369.394,21.257,37.057
9.6348,369.382,21.255,37.042
9.6448,369.388,21.271,37.027
9.6547,369.412,21.274,37.012
9.6648,369.433,21.267,36.999
9.6747,369.427,21.270,36.985
9.6847,369.401,21.267,36.967
9.6948,369.362,21.259,36.952
9.7048,369.329,21.256,36.940
9.7148,369.343,21.231,36.926
9.7248,369.379,21.221,36.910
9.7348,369.390,21.236,36.898
9.7447,369.410,21.248,36.883
9.7547,369.460,21.249,36.863
9.7648,369.495,21.266,36.846
9.7748,369.518,21.271,36.827
9.7847,369.569,21.256,36.809
9.7948,369.624,21.238,36.791
9.8048,369.645,21.227,36.772
9.8148,369.630,21.209,36.759
9.8247,369.582,21.203,36.746
9.8347,369.499,21.205,36.731
9.8448,369.441,21.185,36.718
9.8547,369.394,21.187,36.710
9.8648,369.357,21.186,36.694
9.8748,369.357,21.177,36.676
9.8848,369.383,21.164,36.659
9.8948,369.380,21.168,36.643
9.9047,369.380,21.171,36.626
9.9148,369.384,21.178,36.608
9.9247,369.390,21.162,36.594
9.9347,369.390,21.158,36.584
9.9448,369.397,21.150,36.571
9.9548,369.413,21.129,36.557
9.9648,369.412,21.116,36.542
9.9748,369.386,21.114,36.525
9.9848,369.360,21.096,36.507
9.9947,369.303,21.101,36.488
10.0047,369.214,21.102,36.467
10.0148,369.157,21.095,36.453
10.0248,369.150,21.096,36.439
10.0347,369.148,21.099,36.423
10.0448,369.163,21.092,36.407
10.0548,369.202,21.073,36.392
10.0648,369.208,21.056,36.380
10.0747,369.140,21.048,36.365
10.0848,369.032,21.055,36.350
10.0948,368.932,21.052,36.335
10.1047,368.851,21.057,36.322
10.1148,368.811,21.064,36.304
10.1248,368.814,21.071,36.288
10.1348,368.855,21.065,36.275
10.1448,368.895,21.058,36.261
10.1547,368.918,21.055,36.246
10.1648,368.920,21.054,36.233
10.1747,368.899,21.045,36.216
10.1847,368.856,21.022,36.200
10.1948,368.810,21.009,36.189
10.2048,368.778,21.000,36.174
10.2148,368.749,20.991,36.161
10.2248,368.723,20.987,36.145
10.2348,368.707,20.984,36.131
10.2447,368.666,20.996,36.113
10.2547,368.582,21.002,36.101
10.2648,368.497,21.005,36.081
10.2748,368.425,21.008,36.065
10.2847,368.358,21.024,36.050
10.2948,368.313,21.010,36.033
10.3048,368.298,21.000,36.016
10.3148,368.266,20.983,36.005
10.3247,368.208,20.964,35.991
10.3348,368.131,20.939,35.970
10.3448,368.049,20.937,35.953
10.3547,367.979,20.939,35.938
10.3648,367.962,20.956,35.919
10.3748,367.981,20.956,35.902
10.3848,367.976,20.966,35.891
10.3948,367.931,20.947,35.874
10.4047,367.849,20.929,35.861
10.4148,367.716,20.889,35.846
10.4247,367.550,20.873,35.830
10.4347,367.411,20.862,35.814
10.4448,367.343,20.859,35.799
10.4548,367.331,20.854,35.780
10.4648,367.307,20.868,35.763
10.4748,367.256,20.864,35.745
10.4848,367.221,20.854,35.731
10.4947,367.199,20.840,35.717
10.5047,367.159,20.843,35.702
10.5148,367.074,20.847,35.685
10.5248,367.023,20.856,35.669
10.5347,367.023,20.850,35.653
10.5448,366.994,20.859,35.639
10.5548,366.908,20.867,35.622
10.5648,366.881,20.864,35.608
10.5747,366.912,20.861,35.596
10.5848,366.909,20.874,35.582
10.5948,366.890,20.871,35.567
10.6047,366.902,20.858,35.550
10.6148,366.915,20.826,35.533
10.6248,366.897,20.805,35.513
10.6348,366.808,20.788,35.498
10.6448,366.680,20.776,35.482
10.6547,366.590,20.752,35.464
10.6648,366.537,20.760,35.450
10.6747,366.490,20.760,35.436
10.6847,366.503,20.755,35.419
10.6948,366.568,20.745,35.400
10.7048,366.587,20.730,35.388
10.7148,366.552,20.718,35.373
10.7248,366.424,20.708,35.358
10.7348,366.281,20.693,35.346
10.7447,366.166,20.692,35.332
10.7547,366.105,20.721,35.315
10.7648,366.104,20.727,35.303
10.7748,366.197,20.731,35.288
10.7847,366.295,20.732,35.271
10.7948,366.333,20.728,35.260
10.8048,366.322,20.709,35.247
10.8148,366.243,20.700,35.230
10.8247,366.118,20.693,35.213
10.8348,365.974,20.678,35.198
10.8448,365.847,20.661,35.180
10.8547,365.742,20.658,35.165
10.8648,365.695,20.645,35.154
10.8748,365.703,20.642,35.145
10.8848,365.737,20.639,35.130
10.8948,365.761,20.616,35.115
10.9047,365.708,20.544,35.102
10.9148,365.540,20.443,35.085
10.9247,365.199,20.293,35.065
10.9347,364.696,20.119,35.048
10.9448,363.916,19.936,35.030
10.9548,362.823,19.746,35.007
10.9648,361.291,19.562,34.984
10.9748,359.220,19.371,34.961
10.9848,356.632,19.156,34.938
10.9947,353.724,18.938,34.916
11.0047,350.477,18.709,34.895
11.0148,347.044,18.451,34.870
11.0248,343.554,18.182,34.839
11.0347,339.756,17.933,34.810
11.0448,335.373,17.650,34.778
11.0548,330.454,17.366,34.747
11.0648,325.116,17.071,34.715
11.0747,319.408,16.770,34.686
11.0848,313.648,16.447,34.656
11.0948,308.017,16.124,34.622
11.1047,302.625,15.793,34.582
11.1148,297.184,15.462,34.545
11.1248,291.641,15.129,34.507
11.1348,285.839,14.803,34.464
11.1448,279.714,14.488,34.421
11.1547,273.555,14.179,34.376
11.1648,267.581,13.888,34.327
11.1747,261.917,13.603,34.276
11.1847,256.701,13.325,34.228
11.1948,251.807,13.079,34.179
11.2048,246.942,12.835,34.124
11.2148,242.121,12.580,34.069
11.2248,237.305,12.337,34.014
11.2348,232.314,12.098,33.957
11.2447,227.475,11.856,33.893
11.2547,222.939,11.640,33.833
11.2648,218.912,11.454,33.770
11.2748,215.247,11.289,33.704
11.2847,212.026,11.146,33.638
11.2948,209.107,11.010,33.575
11.3048,206.391,10.889,33.514
11.3148,203.529,10.783,33.455
11.3247,200.834,10.705,33.398
11.3348,198.447,10.641,33.335
11.3448,196.537,10.585,33.270
11.3547,195.041,10.536,33.204
11.3648,193.998,10.499,33.135
11.3748,193.158,10.454,33.068
11.3848,192.403,10.416,33.002
11.3948,191.643,10.390,32.937
11.4047,190.913,10.367,32.871
11.4148,190.220,10.342,32.810
11.4247,189.629,10.331,32.750
11.4347,189.140,10.315,32.690
11.4448,188.728,10.293,32.633
11.4548,188.301,10.269,32.575
11.4648,187.812,10.248,32.519
11.4748,187.267,10.218,32.456
11.4848,186.712,10.190,32.397
11.4947,186.165,10.170,32.337
11.5047,185.664,10.154,32.278
11.5148,185.285,10.140,32.218
11.5248,184.983,10.124,32.156
11.5347,184.638,10.112,32.097
11.5448,184.257,10.100,32.040
11.5548,183.866,10.083,31.984
11.5648,183.467,10.061,31.926
11.5747,183.056,10.038,31.866
11.5848,182.678,10.012,31.809
11.5948,182.338,9.991,31.754
11.6047,181.978,9.966,31.695
11.6148,181.601,9.943,31.635
11.6248,181.186,9.921,31.582
11.6348,180.725,9.901,31.524
11.6448,180.209,9.880,31.463
11.6547,179.677,9.862,31.401
11.6648,179.140,9.844,31.347
11.6747,178.625,9.828,31.291
11.6847,178.158,9.816,31.236
11.6948,177.751,9.804,31.179
11.7048,177.414,9.789,31.123
11.7148,177.074,9.775,31.062
11.7248,176.704,9.762,31.001
11.7348,176.327,9.745,30.938
11.7447,175.959,9.719,30.878
11.7547,175.616,9.693,30.823
11.7648,175.329,9.672,30.765
11.7748,175.091,9.651,30.707
11.7847,174.874,9.630,30.652
11.7948,174.635,9.616,30.596
11.8048,174.331,9.596,30.536
11.8148,173.996,9.574,30.480
11.8247,173.641,9.559,30.422
11.8348,173.287,9.535,30.366
11.8448,172.941,9.516,30.312
11.8547,172.614,9.504,30.258
11.8648,172.273,9.491,30.206
11.8748,171.870,9.468,30.157
11.8848,171.415,9.453,30.103
11.8948,170.958,9.436,30.042
11.9047,170.510,9.408,29.986
11.9148,170.038,9.378,29.931
11.9247,169.628,9.359,29.872
11.9347,169.254,9.338,29.817
11.9448,168.899,9.311,29.764
11.9548,168.513,9.291,29.710
11.9648,168.126,9.277,29.656
11.9748,167.729,9.257,29.600
11.9848,167.360,9.239,29.540
11.9947,167.003,9.231,29.486
12.0047,166.712,9.222,29.430
12.0148,166.481,9.210,29.373
12.0248,166.274,9.203,29.318
12.0347,166.048,9.198,29.265
12.0448,165.774,9.182,29.211
12.0548,165.472,9.166,29.160
12.0648,165.192,9.149,29.107
12.0747,164.926,9.128,29.054
12.0848,164.697,9.103,29.005
12.0948,164.495,9.080,28.950
12.1047,164.252,9.063,28.893
12.1148,163.932,9.051,28.838
12.1248,163.538,9.037,28.783
12.1348,163.103,9.021,28.724
12.1448,162.685,9.010,28.669
12.1547,162.319,8.996,28.615
12.1648,161.979,8.978,28.560
12.1747,161.688,8.951,28.507
12.1847,161.408,8.932,28.455
12.1948,161.075,8.912,28.402
12.2048,160.661,8.901,28.348
12.2148,160.201,8.891,28.297
12.2248,159.780,8.885,28.245
12.2348,159.417,8.872,28.195
12.2447,159.106,8.859,28.143
12.2547,158.867,8.840,28.091
12.2648,158.684,8.822,28.037
12.2748,158.450,8.808,27.984
12.2847,158.118,8.792,27.929
12.2948,157.744,8.773,27.881
12.3048,157.362,8.757,27.833
12.3148,157.013,8.738,27.785
12.3247,156.709,8.725,27.739
12.3348,156.441,8.712,27.690
12.3448,156.191,8.703,27.636
12.3547,155.946,8.682,27.585
12.3648,155.662,8.664,27.535
12.3748,155.315,8.646,27.485
12.3848,154.995,8.629,27.431
12.3948,154.741,8.611,27.379
12.4047,154.536,8.603,27.327
12.4148,154.326,8.595,27.273
12.4247,154.127,8.585,27.219
12.4347,153.891,8.574,27.170
12.4448,153.564,8.560,27.123
12.4548,153.149,8.543,27.074
12.4648,152.736,8.518,27.029
12.4748,152.354,8.498,26.980
12.4848,152.030,8.479,26.928
12.4947,151.758,8.458,26.876
12.5047,151.519,8.443,26.824
12.5148,151.267,8.438,26.771
12.5248,151.010,8.423,26.721
12.5347,150.739,8.410,26.675
12.5448,150.461,8.403,26.628
12.5548,150.178,8.389,26.581
12.5648,149.934,8.370,26.538
12.5747,149.728,8.349,26.492
12.5848,149.524,8.327,26.441
12.5948,149.309,8.308,26.392
12.6047,149.096,8.294,26.346
12.6148,148.866,8.281,26.298
12.6248,148.621,8.265,26.252
12.6348,148.376,8.253,26.210
12.6448,148.129,8.241,26.166
12.6547,147.873,8.230,26.120
12.6648,147.615,8.215,26.070
12.6747,147.333,8.201,26.019
12.6847,147.010,8.186,25.971
12.6948,146.667,8.171,25.926
12.7048,146.342,8.150,25.881
12.7148,146.058,8.130,25.834
12.7248,145.818,8.114,25.789
12.7348,145.606,8.104,25.741
12.7447,145.408,8.086,25.691
12.7547,145.220,8.062,25.642
12.7648,144.989,8.044,25.598
12.7748,144.679,8.036,25.551
12.7847,144.359,8.022,25.507
12.7948,144.105,8.004,25.461
12.8048,143.900,7.990,25.415
12.8148,143.719,7.975,25.368
12.8247,143.578,7.954,25.320
12.8347,143.453,7.939,25.272
12.8447,143.266,7.925,25.228
12.8548,142.991,7.910,25.185
12.8648,142.654,7.894,25.137
12.8748,142.340,7.875,25.088
12.8848,142.075,7.847,25.040
12.8948,141.857,7.826,24.988
12.9048,141.663,7.804,24.938
12.9148,141.513,7.787,24.893
12.9247,141.360,7.774,24.852
12.9347,141.143,7.760,24.808
12.9447,140.854,7.738,24.765
12.9548,140.577,7.721,24.719
12.9648,140.314,7.699,24.671
12.9748,140.060,7.676,24.623
12.9848,139.840,7.657,24.577
12.9947,139.666,7.647,24.534
13.0048,139.498,7.637,24.492
13.0148,139.315,7.624,24.449
13.0248,139.112,7.612,24.407
13.0347,138.901,7.595,24.365
13.0447,138.691,7.576,24.316
13.0548,138.493,7.560,24.270
13.0648,138.314,7.544,24.226
13.0747,138.147,7.527,24.179
13.0847,137.988,7.518,24.134
13.0947,137.788,7.507,24.091
13.1048,137.559,7.490,24.047
13.1148,137.307,7.476,24.005
13.1248,137.058,7.463,23.961
13.1348,136.839,7.444,23.917
13.1448,136.639,7.431,23.875
13.1548,136.444,7.413,23.832
13.1648,136.228,7.394,23.791
13.1747,135.970,7.374,23.748
13.1847,135.640,7.360,23.701
13.1947,135.302,7.340,23.653
13.2048,134.984,7.327,23.610
13.2148,134.742,7.317,23.565
13.2248,134.559,7.307,23.521
13.2348,134.389,7.290,23.485
13.2447,134.219,7.275,23.446
13.2548,134.035,7.257,23.405
13.2648,133.815,7.241,23.360
13.2748,133.595,7.221,23.314
13.2847,133.415,7.204,23.266
13.2947,133.275,7.189,23.222
13.3048,133.161,7.175,23.178
13.3148,133.050,7.155,23.137
13.3247,132.907,7.139,23.099
13.3347,132.713,7.129,23.058
13.3447,132.491,7.117,23.017
13.3548,132.278,7.102,22.977
13.3648,132.069,7.089,22.936
13.3748,131.861,7.084,22.889
13.3848,131.668,7.069,22.850
13.3948,131.488,7.049,22.808
13.4048,131.320,7.036,22.764
13.4148,131.139,7.028,22.720
13.4247,130.949,7.012,22.681
13.4347,130.794,6.995,22.637
13.4447,130.670,6.979,22.594
13.4548,130.537,6.967,22.551
13.4648,130.350,6.949,22.509
13.4748,130.157,6.933,22.464
13.4848,129.964,6.922,22.423
13.4947,129.752,6.915,22.380
13.5048,129.497,6.898,22.339
13.5148,129.263,6.884,22.297
13.5248,129.068,6.866,22.259
13.5347,128.856,6.857,22.214
13.5447,128.574,6.841,22.175
13.5548,128.295,6.828,22.130
13.5648,128.047,6.811,22.088
13.5747,127.791,6.802,22.045
13.5847,127.534,6.780,22.005
13.5947,127.294,6.764,21.962
13.6048,127.079,6.751,21.922
13.6148,126.880,6.744,21.884
13.6248,126.675,6.725,21.844
13.6348,126.446,6.714,21.804
13.6448,126.227,6.701,21.765
13.6548,126.000,6.691,21.723
13.6648,125.732,6.676,21.680
13.6747,125.439,6.664,21.640
13.6847,125.189,6.650,21.603
13.6947,124.991,6.641,21.560
13.7048,124.825,6.626,21.520
13.7148,124.697,6.611,21.483
13.7248,124.609,6.599,21.443
13.7348,124.495,6.592,21.401
13.7447,124.332,6.582,21.362
13.7548,124.089,6.573,21.325
13.7648,123.817,6.563,21.283
13.7748,123.554,6.550,21.242
13.7847,123.332,6.532,21.200
13.7947,123.157,6.519,21.158
13.8048,123.050,6.502,21.117
13.8148,122.985,6.487,21.079
13.8247,122.903,6.473,21.041
13.8347,122.769,6.465,21.007
13.8447,122.599,6.454,20.975
13.8548,122.415,6.440,20.938
13.8648,122.225,6.428,20.902
13.8748,122.025,6.419,20.862
13.8848,121.837,6.401,20.821
13.8948,121.667,6.384,20.779
13.9048,121.517,6.375,20.737
13.9148,121.348,6.366,20.694
13.9247,121.193,6.357,20.656
13.9347,121.067,6.349,20.616
13.9447,120.957,6.335,20.577
13.9548,120.837,6.317,20.539
13.9648,120.704,6.305,20.502
13.9748,120.560,6.293,20.459
13.9848,120.401,6.274,20.421
13.9947,120.210,6.262,20.382
14.0048,119.981,6.255,20.342
14.0148,119.779,6.242,20.302
14.0248,119.615,6.226,20.265
14.0347,119.450,6.222,20.229
14.0447,119.272,6.214,20.192
14.0548,119.109,6.195,20.155
14.0648,118.920,6.183,20.118
14.0747,118.667,6.173,20.082
14.0847,118.403,6.157,20.044
14.0947,118.191,6.142,20.007
14.1048,118.034,6.134,19.971
14.1148,117.911,6.125,19.934
14.1248,117.807,6.110,19.896
14.1348,117.707,6.098,19.858
14.1448,117.605,6.089,19.823
14.1548,117.510,6.078,19.782
14.1648,117.400,6.059,19.744
14.1747,117.308,6.047,19.708
14.1847,117.219,6.043,19.672
14.1947,117.094,6.027,19.632
14.2048,116.895,6.012,19.595
14.2148,116.651,6.005,19.558
14.2248,116.406,5.995,19.521
14.2348,116.186,5.975,19.482
14.2447,116.015,5.960,19.441
14.2548,115.916,5.953,19.405
14.2648,115.852,5.943,19.371
14.2748,115.793,5.927,19.336
14.2847,115.705,5.916,19.301
14.2947,115.550,5.909,19.270
14.3048,115.328,5.899,19.236
14.3148,115.081,5.885,19.199
14.3247,114.823,5.873,19.161
14.3347,114.608,5.865,19.124
14.3447,114.461,5.855,19.087
14.3548,114.357,5.839,19.050
14.3648,114.281,5.830,19.012
14.3748,114.206,5.820,18.974
14.3848,114.097,5.804,18.939
14.3948,113.925,5.786,18.901
14.4048,113.696,5.777,18.863
14.4148,113.441,5.766,18.830
14.4247,113.182,5.751,18.800
14.4347,112.919,5.741,18.766
14.4447,112.683,5.729,18.731
14.4548,112.515,5.718,18.695
14.4648,112.409,5.703,18.657
14.4748,112.332,5.691,18.618
14.4848,112.247,5.677,18.578
14.4947,112.103,5.669,18.542
14.5048,111.909,5.655,18.506
14.5148,111.684,5.643,18.467
14.5248,111.457,5.631,18.435
14.5347,111.261,5.618,18.401
14.5447,111.146,5.602,18.366
14.5548,111.072,5.592,18.333
14.5648,110.983,5.579,18.297
14.5747,110.886,5.567,18.259
14.5847,110.777,5.564,18.220
14.5947,110.649,5.554,18.182
14.6048,110.523,5.540,18.148
14.6148,110.431,5.529,18.120
14.6248,110.350,5.519,18.087
14.6348,110.254,5.501,18.055
14.6448,110.113,5.495,18.025
14.6548,109.937,5.488,17.993
14.6648,109.761,5.473,17.956
14.6747,109.604,5.463,17.920
14.6847,109.489,5.456,17.886
14.6947,109.434,5.434,17.848
14.7048,109.406,5.420,17.807
14.7148,109.344,5.410,17.770
14.7248,109.207,5.393,17.733
14.7348,108.986,5.380,17.695
14.7447,108.723,5.376,17.665
14.7548,108.466,5.366,17.633
14.7648,108.246,5.358,17.599
14.7748,108.090,5.354,17.565
14.7847,107.982,5.341,17.530
14.7947,107.888,5.327,17.489
14.8048,107.763,5.319,17.453
14.8148,107.595,5.308,17.421
14.8247,107.414,5.293,17.385
14.8347,107.263,5.287,17.352
14.8447,107.145,5.276,17.321
14.8548,107.056,5.256,17.289
14.8648,106.987,5.248,17.257
14.8748,106.897,5.243,17.227
14.8848,106.758,5.228,17.198
14.8948,106.570,5.221,17.165
14.9048,106.372,5.220,17.129
14.9148,106.196,5.205,17.090
14.9247,106.064,5.191,17.057
14.9347,105.943,5.187,17.022
14.9447,105.817,5.176,16.988
14.9548,105.674,5.163,16.961
14.9648,105.492,5.159,16.930
14.9748,105.242,5.150,16.894
14.9848,104.997,5.135,16.863
14.9947,104.800,5.125,16.829
15.0048,104.659,5.116,16.794
15.0148,104.537,5.101,16.762
15.0248,104.423,5.092,16.734
15.0347,104.293,5.084,16.697
15.0447,104.130,5.075,16.663
15.0548,103.915,5.067,16.629
15.0648,103.685,5.063,16.594
15.0747,103.493,5.052,16.558
15.0847,103.344,5.042,16.529
15.0947,103.211,5.034,16.499
15.1048,103.091,5.021,16.464
15.1148,102.984,5.007,16.432
15.1248,102.871,5.000,16.401
15.1348,102.725,4.994,16.364
15.1448,102.546,4.984,16.330
15.1548,102.352,4.978,16.299
15.1648,102.165,4.967,16.267
15.1747,101.977,4.958,16.233
15.1847,101.789,4.945,16.203
15.1947,101.627,4.931,16.172
15.2048,101.493,4.921,16.143
15.2148,101.342,4.913,16.110
15.2248,101.155,4.901,16.079
15.2348,100.973,4.892,16.048
15.2447,100.811,4.881,16.015
15.2548,100.651,4.868,15.978
15.2648,100.485,4.856,15.946
15.2748,100.364,4.842,15.911
15.2847,100.269,4.829,15.878
15.2947,100.156,4.816,15.845
15.3048,100.014,4.806,15.814
15.3148,99.876,4.794,15.785
15.3247,99.740,4.785,15.757
15.3347,99.606,4.773,15.724
15.3447,99.459,4.764,15.692
15.3548,99.319,4.755,15.662
15.3648,99.214,4.745,15.628
15.3748,99.120,4.735,15.595
15.3848,98.992,4.724,15.562
15.3948,98.839,4.711,15.528
15.4048,98.703,4.697,15.495
15.4148,98.565,4.687,15.463
15.4247,98.389,4.675,15.433
15.4347,98.201,4.669,15.404
15.4447,98.061,4.659,15.375
15.4548,97.958,4.649,15.344
15.4648,97.842,4.641,15.314
15.4748,97.730,4.632,15.284
15.4848,97.643,4.615,15.250
15.4947,97.577,4.612,15.219
15.5048,97.480,4.604,15.193
15.5148,97.353,4.591,15.166
15.5248,97.240,4.585,15.136
15.5347,97.151,4.580,15.110
15.5447,97.062,4.564,15.081
15.5548,96.979,4.553,15.045
15.5648,96.929,4.544,15.010
15.5747,96.894,4.533,14.977
15.5847,96.828,4.523,14.946
15.5947,96.700,4.513,14.915
15.6048,96.542,4.503,14.888
15.6148,96.371,4.494,14.861
15.6248,96.208,4.483,14.833
15.6348,96.075,4.474,14.799
15.6448,95.990,4.466,14.770
15.6548,95.948,4.453,14.739
15.6648,95.917,4.442,14.710
15.6747,95.842,4.432,14.683
15.6847,95.695,4.420,14.657
15.6947,95.501,4.414,14.629
15.7048,95.279,4.404,14.600
15.7148,95.051,4.395,14.569
15.7248,94.849,4.389,14.536
15.7348,94.722,4.377,14.505
15.7447,94.677,4.365,14.479
15.7548,94.643,4.360,14.451
15.7648,94.573,4.351,14.422
15.7748,94.449,4.340,14.393
15.7847,94.272,4.336,14.365
15.7947,94.035,4.326,14.334
15.8048,93.791,4.318,14.301
15.8148,93.587,4.309,14.270
15.8247,93.436,4.300,14.243
15.8347,93.295,4.289,14.213
15.8447,93.152,4.284,14.181
15.8548,93.021,4.272,14.153
15.8648,92.857,4.261,14.125
15.8748,92.665,4.250,14.094
15.8848,92.473,4.240,14.065
15.8948,92.283,4.229,14.040
15.9048,92.090,4.221,14.016
15.9148,91.928,4.211,13.990
15.9247,91.799,4.206,13.964
15.9347,91.700,4.196,13.937
15.9447,91.623,4.188,13.905
15.9548,91.508,4.176,13.872
15.9648,91.346,4.164,13.839
15.9748,91.183,4.156,13.809
15.9848,91.036,4.147,13.780
15.9947,90.884,4.133,13.755
16.0048,90.777,4.126,13.732
16.0147,90.727,4.121,13.711
16.0248,90.632,4.106,13.687
16.0347,90.486,4.096,13.662
16.0448,90.327,4.092,13.635
16.0548,90.179,4.083,13.605
16.0648,90.039,4.075,13.577
16.0748,89.939,4.069,13.548
16.0847,89.883,4.059,13.516
16.0947,89.862,4.051,13.490
16.1048,89.827,4.044,13.461
16.1148,89.743,4.035,13.431
16.1247,89.623,4.031,13.401
16.1348,89.494,4.025,13.374
16.1448,89.387,4.013,13.347
16.1547,89.288,4.003,13.322
16.1648,89.223,3.992,13.299
16.1747,89.210,3.979,13.271
16.1848,89.181,3.971,13.244
16.1947,89.066,3.968,13.215
16.2048,88.892,3.961,13.187
16.2148,88.693,3.951,13.159
16.2248,88.530,3.946,13.136
16.2347,88.417,3.939,13.110
16.2447,88.341,3.929,13.084
16.2548,88.275,3.924,13.061
16.2647,88.213,3.918,13.035
16.2748,88.088,3.908,13.006
16.2847,87.887,3.897,12.976
16.2948,87.693,3.886,12.951
16.3048,87.564,3.875,12.920
16.3148,87.484,3.867,12.889
16.3248,87.404,3.855,12.864
16.3347,87.323,3.848,12.840
16.3447,87.235,3.840,12.812
16.3548,87.131,3.832,12.786
16.3648,86.971,3.822,12.764
16.3747,86.822,3.815,12.738
16.3848,86.739,3.804,12.711
16.3948,86.682,3.793,12.684
16.4047,86.590,3.783,12.656
16.4148,86.500,3.776,12.629
16.4247,86.409,3.767,12.602
16.4348,86.309,3.758,12.575
16.4447,86.162,3.752,12.549
16.4548,85.995,3.748,12.523
16.4648,85.863,3.741,12.496
16.4748,85.788,3.737,12.469
16.4847,85.703,3.728,12.442
16.4947,85.606,3.722,12.416
16.5048,85.560,3.710,12.393
16.5147,85.515,3.701,12.368
16.5248,85.413,3.688,12.343
16.5347,85.282,3.681,12.319
16.5448,85.205,3.672,12.294
16.5548,85.171,3.666,12.268
16.5648,85.124,3.664,12.242
16.5748,85.068,3.657,12.218
16.5847,85.029,3.651,12.196
16.5947,84.998,3.645,12.173
16.6048,84.917,3.638,12.147
16.6148,84.804,3.626,12.123
16.6247,84.691,3.620,12.096
16.6348,84.631,3.610,12.071
16.6448,84.578,3.599,12.047
16.6547,84.489,3.591,12.020
16.6648,84.406,3.582,11.994
16.6747,84.367,3.574,11.969
16.6848,84.292,3.568,11.941
16.6947,84.144,3.560,11.915
16.7048,83.985,3.550,11.893
16.7148,83.871,3.542,11.869
16.7248,83.778,3.534,11.847
16.7347,83.635,3.528,11.825
16.7447,83.506,3.522,11.803
16.7548,83.432,3.516,11.775
16.7647,83.347,3.510,11.752
16.7748,83.182,3.502,11.726
16.7847,83.026,3.490,11.702
16.7948,82.909,3.480,11.672
16.8048,82.817,3.472,11.651
16.8148,82.685,3.464,11.626
16.8248,82.544,3.458,11.604
16.8347,82.418,3.455,11.579
16.8447,82.306,3.445,11.559
16.8548,82.154,3.438,11.532
16.8648,82.010,3.433,11.504
16.8747,81.907,3.426,11.482
16.8848,81.885,3.420,11.462
16.8948,81.842,3.415,11.434
16.9047,81.760,3.409,11.412
16.9148,81.687,3.402,11.393
16.9247,81.638,3.394,11.367
16.9348,81.550,3.388,11.339
16.9447,81.464,3.383,11.318
16.9548,81.426,3.372,11.296
16.9648,81.433,3.366,11.269
16.9748,81.444,3.361,11.244
16.9847,81.399,3.351,11.220
16.9947,81.302,3.344,11.198
17.0048,81.204,3.336,11.177
17.0147,81.088,3.329,11.161
17.0248,80.937,3.319,11.140
17.0347,80.793,3.310,11.115
17.0448,80.722,3.303,11.085
17.0548,80.669,3.297,11.058
17.0648,80.589,3.290,11.031
17.0748,80.461,3.286,11.009
17.0847,80.346,3.277,10.990
17.0947,80.234,3.270,10.974
17.1048,80.099,3.261,10.949
17.1148,79.979,3.250,10.926
17.1247,79.955,3.239,10.902
17.1348,79.976,3.232,10.876
17.1448,79.955,3.227,10.851
17.1547,79.893,3.224,10.828
17.1648,79.818,3.218,10.806
17.1747,79.720,3.212,10.785
17.1848,79.576,3.210,10.766
17.1947,79.404,3.201,10.745
17.2048,79.279,3.192,10.725
17.2148,79.232,3.185,10.700
17.2248,79.203,3.175,10.677
17.2347,79.188,3.163,10.654
17.2447,79.231,3.155,10.631
17.2548,79.287,3.147,10.608
17.2647,79.247,3.140,10.592
17.2748,79.124,3.137,10.572
17.2847,78.988,3.133,10.549
17.2948,78.865,3.124,10.531
17.3048,78.742,3.116,10.511
17.3148,78.637,3.110,10.487
17.3248,78.573,3.104,10.462
17.3347,78.518,3.094,10.440
17.3447,78.446,3.093,10.416
17.3548,78.358,3.084,10.392
17.3648,78.282,3.081,10.371
17.3747,78.239,3.076,10.349
17.3848,78.204,3.076,10.324
17.3948,78.151,3.063,10.301
17.4047,78.069,3.061,10.282
17.4148,77.999,3.050,10.261
17.4247,77.939,3.039,10.241
17.4348,77.891,3.030,10.222
17.4447,77.858,3.024,10.199
17.4548,77.868,3.017,10.173
17.4648,77.913,3.010,10.152
17.4748,77.913,3.009,10.130
17.4847,77.856,2.999,10.112
17.4947,77.777,2.994,10.093
17.5048,77.671,2.989,10.077
17.5147,77.497,2.986,10.054
17.5248,77.317,2.979,10.036
17.5347,77.222,2.977,10.016
17.5448,77.224,2.972,9.996
17.5548,77.257,2.963,9.976
17.5648,77.322,2.959,9.960
17.5748,77.412,2.952,9.937
17.5847,77.441,2.948,9.916
17.5947,77.365,2.940,9.897
17.6048,77.245,2.934,9.871
17.6148,77.113,2.926,9.843
17.6247,76.986,2.917,9.823
17.6348,76.884,2.906,9.801
17.6448,76.798,2.901,9.780
17.6547,76.739,2.896,9.762
17.6648,76.708,2.892,9.742
17.6747,76.681,2.886,9.717
17.6848,76.642,2.881,9.695
17.6947,76.612,2.874,9.672
17.7048,76.561,2.869,9.653
17.7148,76.474,2.860,9.636
17.7248,76.328,2.857,9.620
17.7347,76.157,2.852,9.599
17.7447,75.980,2.843,9.581
17.7548,75.834,2.838,9.560
17.7647,75.717,2.829,9.537
17.7748,75.675,2.820,9.518
17.7847,75.708,2.810,9.497
17.7948,75.760,2.810,9.477
17.8048,75.769,2.801,9.458
17.8148,75.729,2.803,9.438
17.8248,75.621,2.797,9.418
17.8347,75.447,2.796,9.396
17.8447,75.241,2.787,9.376
17.8548,75.070,2.782,9.357
17.8648,74.965,2.774,9.338
17.8747,74.915,2.768,9.317
17.8848,74.879,2.762,9.298
17.8948,74.849,2.754,9.280
17.9047,74.817,2.749,9.263
17.9148,74.757,2.742,9.247
17.9247,74.636,2.737,9.227
17.9348,74.505,2.729,9.209
17.9447,74.401,2.724,9.188
17.9548,74.308,2.718,9.166
17.9648,74.215,2.712,9.146
17.9748,74.158,2.705,9.128
17.9847,74.149,2.700,9.110
17.9947,74.135,2.694,9.094
18.0048,74.081,2.690,9.075
18.0147,73.999,2.685,9.057
18.0248,73.927,2.683,9.040
18.0347,73.824,2.674,9.020
18.0448,73.701,2.668,9.001
18.0548,73.577,2.660,8.979
18.0648,73.453,2.652,8.957
18.0748,73.327,2.643,8.937
18.0847,73.201,2.642,8.923
18.0947,73.090,2.642,8.901
18.1048,73.003,2.637,8.884
18.1148,72.949,2.633,8.866
18.1247,72.905,2.627,8.846
18.1348,72.843,2.616,8.823
18.1448,72.764,2.605,8.804
18.1547,72.689,2.598,8.786
18.1648,72.607,2.587,8.767
18.1747,72.522,2.582,8.747
18.1848,72.461,2.575,8.727
18.1947,72.418,2.574,8.708
18.2048,72.371,2.567,8.686
18.2148,72.322,2.568,8.666
18.2248,72.263,2.563,8.648
18.2347,72.187,2.566,8.632
18.2447,72.096,2.561,8.614
18.2548,72.010,2.560,8.596
18.2647,71.932,2.554,8.581
18.2748,71.855,2.551,8.566
18.2847,71.790,2.538,8.550
18.2948,71.740,2.533,8.532
18.3048,71.682,2.526,8.516
18.3148,71.615,2.523,8.496
18.3248,71.562,2.517,8.474
18.3347,71.511,2.517,8.453
18.3447,71.446,2.509,8.431
18.3548,71.365,2.505,8.411
18.3648,71.300,2.498,8.396
18.3747,71.255,2.491,8.382
18.3848,71.205,2.481,8.367
18.3948,71.161,2.476,8.354
18.4047,71.130,2.468,8.337
18.4148,71.067,2.463,8.317
18.4247,70.948,2.459,8.297
18.4348,70.808,2.458,8.277
18.4447,70.680,2.452,8.258
18.4548,70.567,2.448,8.240
18.4648,70.473,2.440,8.226
18.4748,70.415,2.435,8.210
18.4847,70.393,2.427,8.194
18.4947,70.351,2.422,8.179
18.5048,70.261,2.415,8.163
18.5147,70.146,2.412,8.144
18.5248,70.024,2.409,8.126
18.5347,69.885,2.404,8.109
18.5448,69.747,2.398,8.090
18.5548,69.650,2.394,8.069
18.5648,69.612,2.392,8.051
18.5748,69.584,2.382,8.032
18.5847,69.525,2.378,8.014
18.5947,69.447,2.373,7.996
18.6048,69.354,2.367,7.983
18.6148,69.233,2.361,7.969
18.6247,69.103,2.356,7.954
18.6348,69.000,2.352,7.938
18.6448,68.926,2.345,7.922
18.6547,68.861,2.344,7.904
18.6648,68.792,2.335,7.884
18.6747,68.723,2.332,7.866
18.6848,68.650,2.327,7.847
18.6947,68.577,2.327,7.829
18.7048,68.537,2.319,7.812
18.7148,68.487,2.318,7.795
18.7248,68.403,2.313,7.777
18.7347,68.300,2.306,7.761
18.7447,68.188,2.299,7.745
18.7548,68.045,2.295,7.727
18.7647,67.874,2.287,7.710
18.7748,67.727,2.283,7.693
18.7847,67.626,2.282,7.680
18.7948,67.535,2.279,7.663
18.8048,67.420,2.276,7.646
18.8148,67.334,2.272,7.625
18.8248,67.249,2.270,7.609
18.8347,67.124,2.264,7.596
18.8447,66.981,2.259,7.582
18.8548,66.879,2.252,7.565
18.8648,66.803,2.245,7.555
18.8747,66.718,2.235,7.545
18.8848,66.633,2.228,7.525
18.8948,66.580,2.219,7.506
18.9047,66.501,2.217,7.490
18.9148,66.394,2.212,7.473
18.9247,66.295,2.210,7.450
18.9348,66.224,2.207,7.435
18.9447,66.150,2.206,7.421
18.9548,66.087,2.198,7.409
18.9648,66.034,2.193,7.393
18.9748,66.002,2.188,7.380
18.9847,65.959,2.184,7.367
18.9947,65.918,2.182,7.349
19.0048,65.906,2.179,7.329
19.0147,65.893,2.176,7.313
19.0248,65.891,2.172,7.299
19.0347,65.934,2.168,7.279
19.0448,65.967,2.161,7.260
19.0548,65.974,2.156,7.245
19.0648,65.988,2.153,7.230
19.0748,65.995,2.148,7.209
19.0847,65.952,2.141,7.196
19.0947,65.883,2.138,7.187
19.1048,65.820,2.134,7.178
19.1148,65.771,2.127,7.162
19.1247,65.731,2.118,7.153
19.1348,65.698,2.114,7.135
19.1448,65.681,2.106,7.114
19.1547,65.645,2.103,7.098
19.1648,65.552,2.098,7.084
19.1747,65.405,2.100,7.065
19.1848,65.274,2.095,7.048
19.1947,65.179,2.091,7.033
19.2048,65.126,2.082,7.018
19.2148,65.124,2.080,7.003
19.2248,65.159,2.074,6.990
19.2347,65.158,2.073,6.979
19.2447,65.107,2.070,6.967
19.2548,65.000,2.070,6.948
19.2647,64.860,2.064,6.925
19.2748,64.715,2.061,6.907
19.2847,64.600,2.054,6.890
19.2948,64.511,2.050,6.871
19.3048,64.476,2.046,6.859
19.3148,64.470,2.043,6.851
19.3248,64.446,2.037,6.839
19.3347,64.406,2.029,6.827
19.3447,64.356,2.022,6.814
19.3548,64.279,2.016,6.801
19.3648,64.209,2.014,6.784
19.3747,64.169,2.008,6.768
19.3848,64.146,2.008,6.756
19.3948,64.127,2.005,6.741
19.4047,64.101,2.005,6.721
19.4148,64.075,1.998,6.709
19.4247,64.050,1.999,6.696
19.4348,64.007,1.993,6.679
19.4447,63.961,1.990,6.664
19.4548,63.908,1.980,6.652
19.4648,63.807,1.979,6.637
19.4748,63.671,1.969,6.617
19.4847,63.532,1.966,6.600
19.4947,63.381,1.963,6.585
19.5048,63.249,1.958,6.568
19.5147,63.179,1.950,6.555
19.5248,63.162,1.948,6.541
19.5347,63.176,1.940,6.529
19.5448,63.200,1.936,6.513
19.5548,63.199,1.933,6.500
19.5648,63.144,1.931,6.487
19.5748,63.038,1.925,6.476
19.5847,62.901,1.921,6.460
19.5947,62.788,1.917,6.447
19.6048,62.725,1.916,6.434
19.6148,62.708,1.912,6.419
19.6247,62.706,1.911,6.404
19.6348,62.727,1.910,6.393
19.6448,62.729,1.905,6.379
19.6547,62.686,1.899,6.362
19.6648,62.603,1.895,6.347
19.6747,62.524,1.892,6.337
19.6848,62.450,1.890,6.325
19.6947,62.377,1.890,6.314
19.7048,62.325,1.886,6.298
19.7148,62.318,1.881,6.284
19.7248,62.310,1.874,6.268
19.7347,62.281,1.865,6.252
19.7447,62.253,1.859,6.233
19.7548,62.237,1.853,6.227
19.7647,62.198,1.850,6.216
19.7748,62.129,1.843,6.203
19.7847,62.085,1.844,6.190
19.7948,62.070,1.840,6.179
19.8048,62.024,1.839,6.160
19.8148,61.972,1.835,6.146
19.8248,61.959,1.837,6.134
19.8347,61.948,1.831,6.120
19.8447,61.906,1.828,6.108
19.8548,61.882,1.823,6.100
19.8648,61.879,1.818,6.090
19.8747,61.882,1.815,6.073
19.8848,61.875,1.814,6.061
19.8948,61.868,1.810,6.049
19.9047,61.868,1.807,6.032
19.9148,61.859,1.807,6.016
19.9247,61.818,1.801,6.003
19.9348,61.768,1.797,5.986
19.9447,61.726,1.794,5.968
19.9548,61.686,1.788,5.953
19.9648,61.643,1.784,5.939
19.9748,61.597,1.777,5.925
19.9847,61.561,1.771,5.909
19.9947,61.511,1.764,5.898
20.0048,61.444,1.761,5.889
20.0147,61.380,1.753,5.878
20.0248,61.347,1.751,5.869
20.0347,61.320,1.747,5.859
20.0448,61.304,1.741,5.846
20.0548,61.304,1.737,5.831
20.0648,61.302,1.737,5.819
20.0748,61.281,1.734,5.808
20.0847,61.236,1.731,5.796
20.0947,61.206,1.732,5.781
20.1048,61.196,1.728,5.767
20.1148,61.193,1.720,5.752
20.1247,61.190,1.715,5.737
20.1348,61.186,1.711,5.723
20.1448,61.141,1.706,5.711
20.1547,61.052,1.704,5.701
20.1648,60.934,1.705,5.688
20.1747,60.816,1.702,5.672
20.1848,60.714,1.701,5.662
20.1947,60.645,1.697,5.651
20.2048,60.607,1.692,5.641
20.2148,60.593,1.686,5.631
20.2248,60.579,1.683,5.623
20.2347,60.556,1.680,5.609
20.2447,60.515,1.676,5.597
20.2548,60.439,1.672,5.580
20.2647,60.328,1.670,5.565
20.2748,60.211,1.668,5.552
20.2847,60.119,1.665,5.542
20.2948,60.036,1.666,5.530
20.3048,59.955,1.666,5.518
20.3148,59.900,1.663,5.508
20.3248,59.872,1.657,5.497
20.3347,59.816,1.650,5.485
20.3447,59.747,1.644,5.472
20.3548,59.718,1.641,5.464
20.3648,59.704,1.641,5.451
20.3747,59.648,1.644,5.438
20.3848,59.585,1.643,5.424
20.3948,59.560,1.638,5.412
20.4047,59.543,1.635,5.396
20.4148,59.504,1.629,5.384
20.4247,59.488,1.620,5.373
20.4348,59.514,1.617,5.359
20.4447,59.505,1.614,5.349
20.4548,59.452,1.611,5.338
20.4648,59.419,1.611,5.327
20.4748,59.407,1.610,5.315
20.4847,59.382,1.608,5.305
20.4947,59.342,1.606,5.292
20.5048,59.311,1.604,5.282
20.5147,59.270,1.601,5.273
20.5248,59.199,1.595,5.262
20.5347,59.109,1.592,5.252
20.5448,59.044,1.590,5.242
20.5548,58.998,1.588,5.230
20.5648,58.952,1.581,5.217
20.5748,58.911,1.582,5.203
20.5847,58.889,1.576,5.189
20.5947,58.862,1.570,5.177
20.6048,58.811,1.566,5.164
20.6148,58.756,1.566,5.154
20.6247,58.725,1.560,5.145
20.6348,58.704,1.561,5.137
20.6448,58.676,1.558,5.130
20.6547,58.659,1.558,5.122
20.6648,58.639,1.548,5.109
20.6747,58.577,1.545,5.099
20.6848,58.472,1.539,5.086
20.6947,58.374,1.542,5.070
20.7048,58.291,1.537,5.061
20.7148,58.231,1.539,5.052
20.7248,58.204,1.538,5.038
20.7347,58.214,1.539,5.024
20.7447,58.221,1.530,5.011
20.7548,58.178,1.528,4.996
20.7647,58.109,1.524,4.981
20.7748,58.049,1.522,4.970
20.7847,57.986,1.520,4.955
20.7948,57.920,1.522,4.947
20.8048,57.913,1.520,4.937
20.8148,57.926,1.519,4.926
20.8248,57.896,1.514,4.919
20.8347,57.826,1.512,4.912
20.8447,57.737,1.507,4.902
20.8548,57.631,1.506,4.893
20.8648,57.495,1.503,4.885
20.8747,57.371,1.504,4.872
20.8848,57.298,1.498,4.866
20.8948,57.257,1.497,4.855
20.9047,57.209,1.493,4.839
20.9148,57.185,1.492,4.827
20.9247,57.169,1.486,4.814
20.9348,57.111,1.489,4.801
20.9447,57.035,1.487,4.792
20.9548,56.978,1.484,4.784
20.9648,56.942,1.481,4.772
20.9748,56.900,1.482,4.762
20.9847,56.855,1.474,4.748
20.9947,56.827,1.471,4.735
21.0048,56.792,1.471,4.725
21.0147,56.716,1.469,4.719
21.0248,56.655,1.466,4.711
21.0347,56.643,1.466,4.707
21.0448,56.635,1.467,4.696
21.0548,56.616,1.463,4.683
21.0648,56.619,1.460,4.671
21.0748,56.620,1.458,4.661
21.0847,56.588,1.455,4.647
21.0947,56.535,1.450,4.641
21.1048,56.483,1.445,4.632
21.1148,56.424,1.444,4.621
21.1247,56.343,1.439,4.612
21.1348,56.283,1.437,4.601
21.1448,56.277,1.435,4.587
21.1547,56.289,1.436,4.575
21.1648,56.306,1.437,4.564
21.1747,56.338,1.439,4.549
21.1848,56.352,1.436,4.541
21.1947,56.314,1.436,4.530
21.2048,56.228,1.431,4.521
21.2148,56.132,1.426,4.510
21.2248,56.059,1.419,4.502
21.2347,56.008,1.422,4.488
21.2447,55.979,1.415,4.474
21.2548,55.984,1.414,4.468
21.2647,55.995,1.412,4.460
21.2748,55.969,1.412,4.450
21.2847,55.916,1.409,4.445
21.2948,55.859,1.410,4.445
21.3048,55.820,1.408,4.436
21.3148,55.797,1.408,4.427
21.3248,55.782,1.408,4.416
21.3347,55.788,1.406,4.404
21.3447,55.788,1.403,4.391
21.3548,55.758,1.401,4.377
21.3648,55.721,1.397,4.362
21.3747,55.702,1.395,4.352
21.3848,55.682,1.388,4.343
21.3948,55.664,1.386,4.332
21.4047,55.646,1.384,4.323
21.4148,55.613,1.383,4.321
21.4247,55.560,1.378,4.314
21.4348,55.482,1.379,4.305
21.4447,55.410,1.377,4.298
21.4548,55.355,1.376,4.288
21.4648,55.311,1.374,4.273
21.4748,55.280,1.371,4.263
21.4847,55.281,1.367,4.254
21.4947,55.268,1.366,4.244
21.5048,55.230,1.364,4.235
21.5147,55.163,1.359,4.226
21.5248,55.074,1.361,4.214
21.5347,54.970,1.360,4.201
21.5448,54.878,1.359,4.195
21.5548,54.809,1.356,4.188
21.5648,54.789,1.359,4.178
21.5748,54.773,1.355,4.173
21.5847,54.737,1.353,4.166
21.5947,54.690,1.349,4.152
21.6048,54.619,1.348,4.137
21.6148,54.498,1.346,4.127
21.6247,54.388,1.352,4.115
21.6348,54.313,1.349,4.104
21.6448,54.255,1.348,4.095
21.6547,54.196,1.343,4.092
21.6648,54.160,1.341,4.086
21.6747,54.145,1.335,4.078
21.6848,54.115,1.336,4.069
21.6947,54.063,1.336,4.060
21.7048,54.033,1.336,4.049
21.7148,54.017,1.330,4.035
21.7248,53.963,1.327,4.026
21.7347,53.907,1.321,4.020
21.7447,53.889,1.319,4.011
21.7548,53.881,1.316,4.000
21.7647,53.865,1.318,3.993
21.7748,53.870,1.317,3.985
21.7847,53.875,1.319,3.977
21.7948,53.845,1.314,3.970
21.8048,53.776,1.316,3.961
21.8148,53.717,1.312,3.954
21.8248,53.675,1.313,3.941
21.8347,53.637,1.311,3.926
21.8447,53.608,1.311,3.915
21.8548,53.608,1.308,3.905
21.8648,53.602,1.311,3.897
21.8747,53.560,1.308,3.889
21.8848,53.505,1.311,3.885
21.8948,53.467,1.313,3.876
21.9047,53.435,1.313,3.870
21.9148,53.406,1.307,3.856
21.9247,53.419,1.306,3.845
21.9348,53.467,1.300,3.838
21.9447,53.505,1.299,3.831
21.9548,53.524,1.297,3.825
21.9648,53.537,1.298,3.817
21.9748,53.528,1.294,3.812
21.9847,53.504,1.292,3.801
21.9947,53.471,1.287,3.793
22.0048,53.437,1.285,3.781
22.0147,53.388,1.283,3.777
22.0248,53.308,1.280,3.772
22.0347,53.214,1.277,3.764
22.0448,53.140,1.280,3.754
22.0548,53.089,1.279,3.746
22.0648,53.079,1.276,3.734
22.0748,53.118,1.277,3.721
22.0847,53.171,1.277,3.714
22.0947,53.188,1.270,3.704
22.1048,53.139,1.268,3.693
22.1148,53.069,1.269,3.685
22.1247,53.015,1.265,3.673
22.1348,52.968,1.266,3.662
22.1448,52.945,1.266,3.653
22.1547,53.006,1.264,3.647
22.1648,53.095,1.259,3.641
22.1747,53.136,1.261,3.638
22.1848,53.140,1.259,3.631
22.1947,53.122,1.257,3.625
22.2048,53.068,1.256,3.618
22.2148,52.973,1.255,3.610
22.2248,52.851,1.253,3.601
22.2347,52.754,1.251,3.593
22.2447,52.692,1.251,3.584
22.2548,52.648,1.251,3.574
22.2647,52.635,1.252,3.560
22.2748,52.661,1.250,3.550
22.2847,52.680,1.253,3.544
22.2948,52.677,1.251,3.539
22.3048,52.660,1.253,3.533
22.3148,52.622,1.251,3.529
22.3248,52.552,1.253,3.528
22.3347,52.474,1.248,3.518
22.3447,52.431,1.248,3.507
22.3548,52.406,1.242,3.498
22.3648,52.386,1.241,3.487
22.3747,52.400,1.235,3.473
22.3848,52.434,1.237,3.465
22.3948,52.443,1.232,3.455
22.4047,52.429,1.232,3.447
22.4148,52.411,1.230,3.444
22.4247,52.399,1.230,3.436
22.4348,52.392,1.225,3.429
22.4447,52.376,1.228,3.421
22.4548,52.356,1.224,3.412
22.4648,52.343,1.223,3.403
22.4748,52.309,1.219,3.396
22.4847,52.274,1.222,3.388
22.4947,52.281,1.217,3.382
22.5048,52.312,1.218,3.374
22.5147,52.334,1.215,3.362
22.5248,52.363,1.217,3.354
22.5347,52.377,1.212,3.346
22.5448,52.340,1.214,3.337
22.5548,52.274,1.216,3.333
22.5648,52.223,1.216,3.330
22.5748,52.194,1.212,3.326
22.5847,52.182,1.210,3.319
22.5947,52.205,1.205,3.312
22.6048,52.250,1.201,3.303
22.6148,52.273,1.202,3.290
22.6247,52.254,1.203,3.280
22.6348,52.208,1.202,3.270
22.6448,52.129,1.202,3.263
22.6547,52.024,1.202,3.256
22.6648,51.931,1.202,3.252
22.6747,51.874,1.200,3.246
22.6848,51.847,1.198,3.238
22.6947,51.776,1.198,3.229
22.7048,51.568,1.197,3.221
22.7148,51.197,1.191,3.210
22.7248,50.723,1.191,3.203
22.7347,50.199,1.186,3.200
22.7447,49.719,1.185,3.194
22.7548,49.394,1.186,3.185
22.7647,49.249,1.186,3.180
22.7748,49.203,1.187,3.169
22.7847,49.130,1.194,3.162
22.7948,48.936,1.192,3.150
22.8048,48.677,1.189,3.144
22.8148,48.343,1.188,3.140
22.8248,47.963,1.187,3.137
22.8347,47.603,1.188,3.132
22.8447,47.329,1.186,3.130
22.8548,47.110,1.185,3.125
22.8648,46.935,1.184,3.120
22.8747,46.792,1.181,3.114
22.8848,46.696,1.173,3.101
22.8948,46.677,1.174,3.090
22.9047,46.663,1.172,3.085
22.9148,46.504,1.173,3.073
22.9247,46.184,1.171,3.064
22.9348,45.780,1.174,3.062
22.9447,45.346,1.172,3.056
22.9548,44.938,1.174,3.046
22.9648,44.705,1.169,3.041
22.9748,44.641,1.170,3.033
22.9847,44.601,1.168,3.022
22.9947,44.514,1.170,3.017
23.0048,44.385,1.166,3.009
23.0147,44.211,1.166,3.000
23.0248,44.013,1.164,2.992
23.0347,43.836,1.165,2.983
23.0448,43.651,1.161,2.974
23.0548,43.434,1.161,2.969
23.0648,43.216,1.158,2.961
23.0748,43.031,1.160,2.961
23.0847,42.896,1.158,2.957
23.0947,42.833,1.160,2.952
23.1048,42.821,1.161,2.938
23.1148,42.775,1.163,2.926
23.1247,42.662,1.160,2.915
23.1348,42.525,1.157,2.905
23.1448,42.348,1.152,2.895
23.1547,42.135,1.153,2.892
23.1648,41.977,1.149,2.896
23.1747,41.875,1.149,2.891
23.1848,41.774,1.149,2.883
23.1947,41.706,1.152,2.880
23.2048,41.621,1.151,2.878
23.2148,41.407,1.154,2.868
23.2248,41.145,1.155,2.862
23.2347,40.847,1.154,2.857
23.2447,40.519,1.151,2.851
23.2548,40.221,1.147,2.841
23.2647,40.071,1.146,2.837
23.2748,40.019,1.143,2.826
23.2847,40.022,1.141,2.818
23.2948,40.046,1.141,2.809
23.3048,40.123,1.142,2.803
23.3148,40.213,1.137,2.795
23.3248,40.277,1.136,2.790
23.3347,40.341,1.137,2.785
23.3447,40.393,1.140,2.783
23.3548,40.409,1.138,2.780
23.3648,40.379,1.142,2.774
23.3747,40.321,1.138,2.770
23.3848,40.290,1.138,2.765
23.3948,40.292,1.134,2.756
23.4047,40.309,1.135,2.748
23.4148,40.365,1.132,2.741
23.4247,40.450,1.133,2.734
23.4348,40.497,1.132,2.728
23.4447,40.520,1.134,2.723
23.4548,40.538,1.131,2.713
23.4648,40.534,1.131,2.704
23.4748,40.503,1.130,2.698
23.4847,40.470,1.127,2.691
23.4947,40.434,1.125,2.684
23.5048,40.405,1.124,2.678
23.5147,40.389,1.124,2.674
23.5248,40.391,1.122,2.665
23.5347,40.401,1.123,2.653
23.5448,40.408,1.120,2.646
23.5548,40.409,1.121,2.643
23.5648,40.410,1.119,2.636
23.5748,40.413,1.123,2.631
23.5847,40.407,1.122,2.628
23.5947,40.402,1.123,2.619
23.6048,40.389,1.122,2.612
23.6148,40.367,1.125,2.606
23.6247,40.354,1.120,2.604
23.6348,40.367,1.122,2.601
23.6448,40.381,1.118,2.597
23.6547,40.377,1.122,2.594
23.6648,40.372,1.118,2.590
23.6747,40.375,1.119,2.580
23.6848,40.385,1.115,2.573
23.6947,40.399,1.119,2.567
23.7048,40.450,1.113,2.560
23.7148,40.513,1.116,2.548
23.7248,40.519,1.110,2.539
23.7347,40.457,1.113,2.530
23.7447,40.396,1.111,2.524
23.7548,40.345,1.113,2.517
23.7647,40.296,1.110,2.511
23.7748,40.266,1.115,2.509
23.7847,40.274,1.112,2.505
23.7948,40.304,1.114,2.500
23.8048,40.351,1.110,2.495
23.8148,40.391,1.112,2.495
23.8248,40.435,1.108,2.489
23.8347,40.483,1.108,2.481
23.8447,40.530,1.104,2.477
23.8548,40.538,1.106,2.471
23.8648,40.522,1.104,2.460
23.8747,40.517,1.107,2.455
23.8848,40.526,1.105,2.451
23.8948,40.520,1.104,2.442
23.9047,40.517,1.103,2.433
23.9148,40.534,1.101,2.429
23.9247,40.593,1.100,2.425
23.9348,40.647,1.099,2.422
23.9447,40.686,1.096,2.418
23.9548,40.728,1.095,2.415
23.9648,40.743,1.097,2.407
23.9748,40.703,1.093,2.398
23.9847,40.677,1.098,2.392
23.9947,40.685,1.102,2.379
24.0048,40.728,1.100,2.375
24.0147,40.795,1.097,2.377
24.0248,40.867,1.098,2.373
24.0347,40.902,1.094,2.362
24.0448,40.905,1.093,2.361
24.0548,40.860,1.093,2.351
24.0648,40.801,1.095,2.339
24.0748,40.776,1.094,2.331
24.0847,40.779,1.094,2.331
24.0947,40.799,1.092,2.328
24.1048,40.832,1.092,2.326
24.1148,40.853,1.090,2.322
24.1247,40.829,1.091,2.319
24.1348,40.810,1.090,2.309
24.1448,40.784,1.090,2.301
24.1547,40.759,1.088,2.293
24.1648,40.777,1.087,2.286
24.1747,40.814,1.087,2.281
24.1848,40.818,1.084,2.280
24.1947,40.803,1.083,2.275
24.2048,40.783,1.086,2.267
24.2148,40.749,1.086,2.263
24.2248,40.742,1.083,2.254
24.2347,40.759,1.086,2.246
24.2447,40.775,1.085,2.241
24.2548,40.793,1.080,2.240
24.2647,40.793,1.079,2.237
24.2748,40.745,1.078,2.236
24.2847,40.681,1.076,2.233
24.2948,40.644,1.070,2.228
24.3048,40.629,1.076,2.224
24.3148,40.615,1.076,2.217
24.3248,40.629,1.078,2.207
24.3347,40.650,1.075,2.199
24.3447,40.658,1.080,2.191
24.3548,40.633,1.075,2.183
24.3648,40.597,1.076,2.178
24.3747,40.563,1.074,2.179
24.3848,40.532,1.076,2.173
24.3948,40.502,1.074,2.172
24.4047,40.482,1.073,2.167
24.4148,40.479,1.073,2.159
24.4247,40.459,1.071,2.150
24.4348,40.428,1.071,2.144
24.4447,40.396,1.070,2.136
24.4548,40.360,1.070,2.133
24.4648,40.330,1.068,2.130
24.4748,40.310,1.069,2.127
24.4847,40.263,1.068,2.125
24.4947,40.203,1.068,2.119
24.5048,40.163,1.068,2.109
24.5147,40.092,1.068,2.102
24.5248,39.982,1.068,2.095
24.5347,39.900,1.068,2.089
24.5448,39.836,1.067,2.083
24.5548,39.748,1.069,2.074
24.5648,39.656,1.070,2.069
24.5748,39.589,1.071,2.065
24.5847,39.550,1.071,2.061
24.5947,39.532,1.073,2.056
24.6048,39.507,1.074,2.056
24.6148,39.527,1.072,2.054
24.6247,39.585,1.070,2.051
24.6348,39.625,1.070,2.045
24.6448,39.622,1.072,2.044
24.6547,39.636,1.068,2.039
24.6648,39.647,1.070,2.035
24.6747,39.632,1.068,2.025
24.6848,39.580,1.069,2.015
24.6947,39.539,1.067,2.004
24.7048,39.513,1.067,2.001
24.7148,39.468,1.064,1.994
24.7248,39.395,1.064,1.989
24.7347,39.370,1.063,1.984
24.7447,39.376,1.060,1.984
24.7548,39.364,1.062,1.979
24.7647,39.338,1.063,1.973
24.7748,39.316,1.066,1.969
24.7847,39.282,1.065,1.971
24.7948,39.232,1.064,1.967
24.8048,39.198,1.064,1.958
24.8148,39.212,1.065,1.955
24.8248,39.253,1.063,1.948
24.8347,39.298,1.061,1.938
24.8447,39.350,1.061,1.932
24.8548,39.384,1.058,1.929
24.8648,39.385,1.058,1.922
24.8747,39.383,1.055,1.925
24.8848,39.374,1.049,1.925
24.8948,39.337,1.042,1.924
24.9047,39.278,1.036,1.920
24.9148,39.220,1.023,1.922
24.9247,39.162,1.010,1.921
24.9348,39.104,0.998,1.921
24.9447,39.065,0.985,1.922
24.9548,39.062,0.973,1.919
24.9648,39.074,0.965,1.920
24.9748,39.090,0.960,1.916
24.9847,39.114,0.959,1.917
24.9947,39.140,0.962,1.914
25.0048,39.151,0.964,1.921
25.0147,39.148,0.966,1.919
25.0248,39.157,0.971,1.922
25.0347,39.189,0.973,1.923
25.0448,39.221,0.974,1.924
25.0548,39.253,0.974,1.925
25.0648,39.299,0.973,1.925
25.0748,39.328,0.973,1.926
25.0847,39.318,0.972,1.924
25.0947,39.310,0.969,1.924
25.1048,39.321,0.966,1.926
25.1148,39.327,0.968,1.930
25.1247,39.322,0.967,1.930
25.1348,39.325,0.969,1.932
25.1448,39.329,0.972,1.936
25.1547,39.327,0.976,1.936
25.1648,39.318,0.976,1.937
25.1747,39.333,0.976,1.937
25.1848,39.371,0.977,1.935
25.1947,39.409,0.977,1.940
25.2048,39.436,0.975,1.943
25.2148,39.468,0.972,1.947
25.2248,39.480,0.968,1.948
25.2347,39.457,0.964,1.950
25.2447,39.438,0.961,1.947
25.2548,39.427,0.963,1.945
25.2647,39.420,0.965,1.944
25.2748,39.416,0.970,1.946
25.2847,39.425,0.972,1.948
25.2948,39.428,0.977,1.947
25.3048,39.425,0.978,1.950
25.3148,39.418,0.977,1.951
25.3248,39.425,0.976,1.948
25.3347,39.449,0.977,1.947
25.3447,39.474,0.973,1.947
25.3548,39.493,0.972,1.945
25.3648,39.501,0.969,1.946
25.3747,39.495,0.970,1.950
25.3848,39.467,0.969,1.957
25.3948,39.432,0.971,1.965
25.4047,39.405,0.975,1.967
25.4148,39.394,0.978,1.966
25.4247,39.403,0.977,1.966
25.4348,39.422,0.976,1.969
25.4447,39.442,0.975,1.967
25.4548,39.459,0.972,1.969
25.4648,39.464,0.972,1.972
25.4748,39.451,0.976,1.979
25.4847,39.439,0.978,1.981
25.4947,39.432,0.980,1.985
25.5048,39.420,0.981,1.987
25.5147,39.431,0.981,1.988
25.5248,39.462,0.977,1.984
25.5347,39.480,0.975,1.982
25.5448,39.502,0.971,1.978
25.5548,39.537,0.969,1.977
25.5648,39.560,0.966,1.977
25.5748,39.562,0.966,1.976
25.5847,39.576,0.964,1.974
25.5947,0.000,0.964,1.974
