time_ms,tank_pressure_bar,chamber_pressure_bar,thrust_daN
9.9,61.349,0.05,0.332
29.9,61.331,0.055,0.331
49.9,61.34,0.052,0.33
69.9,61.349,0.056,0.33
89.9,61.349,0.052,0.332
109.9,61.348,0.053,0.33
129.9,61.344,0.053,0.33
149.9,61.343,0.052,0.331
169.9,61.336,0.046,0.33
189.9,61.349,0.054,0.332
209.9,61.349,0.058,0.333
229.9,61.351,0.048,0.332
249.9,61.335,0.054,0.331
269.9,61.333,0.052,0.333
289.9,61.366,0.052,0.33
309.9,61.338,0.052,0.331
329.9,61.323,0.055,0.331
349.9,61.349,0.048,0.332
369.9,61.363,0.048,0.333
389.9,61.345,0.057,0.331
409.9,61.348,0.055,0.332
429.9,61.32,0.053,0.332
449.9,61.372,0.045,0.332
469.9,61.344,0.053,0.333
489.9,61.359,0.056,0.333
509.9,61.337,0.054,0.333
529.9,61.347,0.051,0.332
549.9,61.324,0.052,0.334
569.9,61.343,0.052,0.328
589.9,61.348,0.051,0.333
609.9,61.356,0.052,0.332
629.9,61.332,0.054,0.332
649.9,61.329,0.052,0.332
669.9,61.326,0.049,0.333
689.9,61.348,0.052,0.33
709.9,61.344,0.053,0.328
729.9,61.344,0.056,0.331
749.9,61.347,0.051,0.334
769.9,61.339,0.05,0.329
789.9,61.348,0.05,0.332
809.9,61.345,0.056,0.33
829.9,61.337,0.054,0.331
849.9,61.325,0.05,0.328
869.9,61.358,0.055,0.33
889.9,61.343,0.057,0.331
909.9,61.356,0.05,0.33
929.9,61.346,0.049,0.334
949.9,61.339,0.054,0.33
969.9,61.35,0.049,0.332
989.9,61.326,0.055,0.329
1009.9,61.358,0.051,0.33
1029.9,61.348,0.05,0.328
1049.9,61.335,0.055,0.33
1069.9,61.333,0.054,0.332
1089.9,61.338,0.05,0.329
1109.9,61.342,0.049,0.333
1129.9,61.335,0.053,0.33
1149.9,61.364,0.05,0.331
1169.9,61.369,0.052,0.332
1189.9,61.337,0.054,0.331
1209.9,61.331,0.052,0.329
1229.9,61.341,0.052,0.331
1249.9,61.338,0.054,0.332
1269.9,61.334,0.054,0.329
1289.9,61.352,0.046,0.332
1309.9,61.32,0.052,0.331
1329.9,61.342,0.051,0.333
1349.9,61.343,0.051,0.333
1369.9,61.37,0.053,0.333
1389.9,61.347,0.054,0.333
1409.9,61.352,0.054,0.33
1429.9,61.35,0.054,0.333
1449.9,61.345,0.054,0.331
1469.9,61.351,0.054,0.334
1489.9,61.341,0.053,0.332
1509.9,61.343,0.05,0.334
1529.9,61.334,0.054,0.333
1549.9,61.35,0.048,0.332
1569.9,61.345,0.048,0.329
1589.9,61.332,0.053,0.336
1609.9,61.344,0.049,0.331
1629.9,61.347,0.056,0.331
1649.9,61.346,0.049,0.33
1669.9,61.344,0.051,0.33
1689.9,61.332,0.053,0.33
1709.9,61.348,0.054,0.331
1729.9,61.347,0.052,0.332
1749.9,61.324,0.05,0.331
1769.9,61.366,0.059,0.335
1789.9,61.34,0.056,0.331
1809.9,61.319,0.054,0.332
1829.9,61.351,0.049,0.331
1849.9,61.339,0.051,0.332
1869.9,61.339,0.049,0.334
1889.9,61.35,0.054,0.331
1909.9,61.338,0.058,0.333
1929.9,61.328,0.055,0.332
1949.9,61.328,0.055,0.332
1969.9,61.369,0.056,0.333
1989.9,61.342,0.052,0.332
2009.9,61.338,0.056,0.33
2029.9,61.342,0.051,0.331
2049.9,61.342,0.053,0.333
2069.9,61.333,0.05,0.33
2089.9,61.366,0.046,0.33
2109.9,61.316,0.054,0.332
2129.9,61.357,0.051,0.334
2149.9,61.35,0.056,0.334
2169.9,61.347,0.056,0.333
2189.9,61.33,0.052,0.333
2209.9,61.318,0.055,0.334
2229.9,61.344,0.047,0.333
2249.9,61.348,0.061,0.33
2269.9,61.327,0.054,0.335
2289.9,61.35,0.048,0.332
2309.9,61.329,0.049,0.333
2329.9,61.341,0.051,0.331
2349.9,61.366,0.053,0.332
2369.9,61.337,0.049,0.333
2389.9,61.334,0.053,0.334
2409.9,61.345,0.052,0.333
2429.9,61.355,0.052,0.332
2449.9,61.325,0.053,0.332
2469.9,61.364,0.05,0.331
2489.9,61.345,0.049,0.329
2509.9,61.325,0.056,0.328
2529.9,61.364,0.045,0.331
2549.9,61.319,0.057,0.334
2569.9,61.346,0.045,0.332
2589.9,61.366,0.058,0.332
2609.9,61.316,0.057,0.331
2629.9,61.309,0.047,0.332
2649.9,61.307,0.054,0.333
2669.9,61.285,0.051,0.332
2689.9,61.284,0.049,0.334
2709.9,61.294,0.052,0.333
2729.9,61.284,0.056,0.33
2749.9,61.314,0.046,0.329
2769.9,61.292,0.054,0.328
2789.9,61.312,0.048,0.331
2809.9,61.277,0.055,0.333
2829.9,61.305,0.053,0.33
2849.9,61.286,0.061,0.331
2869.9,61.308,0.05,0.332
2889.9,61.3,0.051,0.332
2909.9,61.28,0.054,0.331
2929.9,61.293,0.05,0.331
2949.9,61.299,0.048,0.332
2969.9,61.292,0.053,0.333
2989.9,61.307,0.048,0.329
3009.9,61.34,0.053,0.332
3029.9,61.313,0.057,0.332
3049.9,61.312,0.051,0.331
3069.9,61.275,0.053,0.33
3089.9,61.295,0.049,0.331
3109.9,61.299,0.056,0.33
3129.9,61.32,0.059,0.333
3149.9,61.316,0.052,0.33
3169.9,61.352,0.054,0.331
3189.9,61.319,0.057,0.334
3209.9,61.299,0.052,0.331
3229.9,61.288,0.051,0.33
3249.9,61.308,0.043,0.33
3269.9,61.282,0.054,0.333
3289.9,61.315,0.052,0.331
3309.9,61.307,0.049,0.33
3329.9,61.339,0.051,0.332
3349.9,61.331,0.053,0.33
3369.9,61.364,0.052,0.331
3389.9,61.344,0.055,0.332
3409.9,61.343,0.054,0.331
3429.9,61.33,0.055,0.331
3449.9,61.345,0.051,0.33
3469.9,61.327,0.055,0.331
3489.9,61.357,0.051,0.332
3509.9,61.339,0.056,0.327
3529.9,61.326,0.06,0.329
3549.9,61.355,0.048,0.331
3569.9,61.351,0.048,0.332
3589.9,61.345,0.05,0.33
3609.9,61.33,0.06,0.332
3629.9,61.369,0.049,0.33
3649.9,61.324,0.058,0.33
3669.9,61.351,0.052,0.333
3689.9,61.341,0.05,0.332
3709.9,61.345,0.047,0.332
3729.9,61.351,0.051,0.331
3749.9,61.341,0.055,0.328
3769.9,61.349,0.044,0.329
3789.9,61.342,0.058,0.331
3809.9,61.328,0.054,0.328
3829.9,61.335,0.055,0.33
3849.9,61.341,0.052,0.329
3869.9,61.334,0.056,0.333
3889.9,61.344,0.056,0.333
3909.9,61.331,0.052,0.331
3929.9,61.369,0.046,0.332
3949.9,61.315,0.055,0.331
3969.9,61.358,0.056,0.328
3989.9,61.335,0.053,0.33
4009.9,61.343,0.057,0.328
4029.9,61.374,0.05,0.33
4049.9,61.358,0.222,0.33
4069.9,61.24,1.478,0.331
4089.9,61.072,3.519,0.342
4109.9,60.801,7.695,0.44
4129.9,60.471,14.366,0.859
4149.9,60.015,21.879,2.622
4169.9,59.495,28.187,11.072
4189.9,58.919,31.868,24.909
4209.9,58.91,32.817,34.797
4229.9,58.837,33.23,44.775
4249.9,58.793,33.387,49.638
4269.9,58.78,33.2,51.299
4289.9,58.711,33.566,52.328
4309.9,58.665,32.971,53.044
4329.9,58.596,32.841,53.8
4349.9,58.541,33.474,54.172
4369.9,58.51,33.236,53.182
4389.9,58.428,33.445,52.543
4409.9,58.425,33.661,53.414
4429.9,58.375,32.672,52.787
4449.9,58.314,33.077,52.656
4469.9,58.289,33.031,53.465
4489.9,58.239,33.332,51.929
4509.9,58.161,33.089,52.833
4529.9,58.155,33.435,52.777
4549.9,58.087,33.639,52.826
4569.9,58.046,32.961,52.731
4589.9,58.02,32.791,53.105
4609.9,57.98,32.917,52.935
4629.9,57.944,32.466,52.354
4649.9,57.905,32.953,51.847
4669.9,57.856,32.617,52.479
4689.9,57.852,32.913,51.642
4709.9,57.833,32.582,52.258
4729.9,57.784,32.81,51.609
4749.9,57.744,32.478,52.356
4769.9,57.711,33.174,51.705
4789.9,57.696,32.614,52.236
4809.9,57.633,33.041,51.322
4829.9,57.584,32.452,52.722
4849.9,57.598,32.673,51.546
4869.9,57.589,32.454,52.21
4889.9,57.526,32.624,51.401
4909.9,57.456,32.235,52.054
4929.9,57.426,31.947,51.175
4949.9,57.351,32.23,52.09
4969.9,57.386,31.96,51.365
4989.9,57.329,31.599,50.348
5009.9,57.31,31.169,51.087
5029.9,57.316,31.832,50.757
5049.9,57.282,32.079,50.172
5069.9,57.257,31.686,49.828
5089.9,57.277,31.592,50.531
5109.9,57.246,32.215,51.213
5129.9,57.217,31.808,49.98
5149.9,57.212,31.615,50.37
5169.9,57.231,31.866,50.975
5189.9,57.227,32.67,50.76
5209.9,57.203,32.229,50.35
5229.9,57.233,31.932,50.606
5249.9,57.204,32.206,51.43
5269.9,57.23,32.945,51.248
5289.9,57.243,32.325,50.809
5309.9,57.224,32.768,51.573
5329.9,57.204,32.49,52.389
5349.9,57.196,32.572,51.233
5369.9,57.154,31.898,51.844
5389.9,57.113,32.425,51.64
5409.9,57.062,32.329,51.814
5429.9,57.058,32.523,51.074
5449.9,57.047,32.217,51.486
5469.9,56.964,32.29,51.424
5489.9,56.936,31.332,52.062
5509.9,56.898,31.787,51.324
5529.9,56.847,31.628,51.332
5549.9,56.816,31.704,50.021
5569.9,56.768,31.911,50.86
5589.9,56.695,32.071,50.393
5609.9,56.662,31.801,50.41
5629.9,56.597,31.755,50.958
5649.9,56.584,31.516,51.226
5669.9,56.532,31.522,51.095
5689.9,56.449,31.551,50.606
5709.9,56.407,31.569,50.439
5729.9,56.382,31.885,50.813
5749.9,56.308,30.985,50.106
5769.9,56.261,31.707,50.693
5789.9,56.206,31.515,50.882
5809.9,56.222,30.84,49.955
5829.9,56.082,31.137,50.342
5849.9,56.06,31.135,50.448
5869.9,56.031,31.589,49.519
5889.9,55.991,30.649,50.097
5909.9,55.963,31.238,49.823
5929.9,55.872,31.679,50.543
5949.9,55.825,30.986,49.26
5969.9,55.793,31.859,50.084
5989.9,55.772,30.987,50.878
6009.9,55.698,31.644,49.521
6029.9,55.619,31.583,50.838
6049.9,55.583,31.823,50.061
6069.9,55.543,32.18,50.522
6089.9,55.522,30.701,50.615
6109.9,55.461,31.627,51.168
6129.9,55.409,31.866,51.181
6149.9,55.367,32.173,49.697
6169.9,55.34,31.602,50.624
6189.9,55.294,31.746,50.929
6209.9,55.232,31.337,51.167
6229.9,55.164,31.876,50.703
6249.9,55.147,31.956,50.998
6269.9,55.085,31.721,50.527
6289.9,55.052,32.008,50.867
6309.9,55.012,30.778,50.921
6329.9,54.965,31.655,50.924
6349.9,54.875,31.409,51.173
6369.9,54.865,30.942,49.511
6389.9,54.805,31.133,50.837
6409.9,54.776,31.826,50.205
6429.9,54.726,31.502,49.788
6449.9,54.64,31.487,50.176
6469.9,54.6,30.979,50.771
6489.9,54.582,31.577,50.403
6509.9,54.524,31.49,50.672
6529.9,54.532,31.455,49.953
6549.9,54.461,31.279,50.658
6569.9,54.375,31.173,50.612
6589.9,54.365,31.522,50.342
6609.9,54.314,29.665,50.208
6629.9,54.272,29.991,50.265
6649.9,54.226,30.568,50.234
6669.9,54.183,31.204,48.672
6689.9,54.12,30.966,49.062
6709.9,54.091,31.281,49.65
6729.9,54.068,31.338,50.378
6749.9,53.993,29.821,49.92
6769.9,53.967,29.924,50.026
6789.9,53.902,30.204,50.268
6809.9,53.887,30.574,48.843
6829.9,53.844,31.112,48.934
6849.9,53.761,31.107,49.348
6869.9,53.731,30.848,49.789
6889.9,53.705,31.002,50.601
6909.9,53.637,30.271,50.33
6929.9,53.62,31.159,50.366
6949.9,53.543,31.287,50.402
6969.9,53.535,29.894,49.523
6989.9,53.449,28.957,50.49
7009.9,53.41,29.671,50.749
7029.9,53.352,29.2,48.843
7049.9,53.343,29.701,47.847
7069.9,53.303,29.446,48.619
7089.9,53.24,29.316,47.91
7109.9,53.185,29.67,48.636
7129.9,53.149,29.278,48.213
7149.9,53.113,29.0,48.181
7169.9,53.077,29.219,48.536
7189.9,53.015,29.216,48.177
7209.9,52.999,29.107,47.744
7229.9,52.927,29.123,48.01
7249.9,52.91,28.914,48.007
7269.9,52.831,29.404,47.828
7289.9,52.787,28.968,47.831
7309.9,52.753,28.946,47.627
7329.9,52.721,28.763,48.243
7349.9,52.652,28.803,47.713
7369.9,52.619,28.726,47.623
7389.9,52.552,28.69,47.393
7409.9,52.539,28.717,47.576
7429.9,52.469,28.279,47.415
7449.9,52.45,28.623,47.345
7469.9,52.403,28.505,47.289
7489.9,52.319,28.22,46.829
7509.9,52.297,28.307,47.143
7529.9,52.244,28.327,46.92
7549.9,52.214,28.395,46.757
7569.9,52.186,28.284,46.714
7589.9,52.101,28.18,46.847
7609.9,52.065,28.149,46.89
7629.9,52.009,28.124,46.73
7649.9,51.949,28.069,46.557
7669.9,51.942,28.078,46.586
7689.9,51.9,27.952,46.518
7709.9,51.845,28.096,46.366
7729.9,51.805,28.072,46.469
7749.9,51.752,27.77,46.324
7769.9,51.696,27.996,46.541
7789.9,51.639,27.863,46.395
7809.9,51.594,27.8,46.132
7829.9,51.521,27.785,46.309
7849.9,51.451,27.815,46.195
7869.9,51.42,27.875,46.135
7889.9,51.38,27.709,46.036
7909.9,51.351,27.88,46.096
7929.9,51.304,27.844,46.17
7949.9,51.287,27.773,46.019
7969.9,51.184,27.744,46.107
7989.9,51.144,27.727,46.111
8009.9,51.103,27.699,46.055
8029.9,51.087,27.791,45.995
8049.9,51.046,27.698,45.998
8069.9,51.0,27.692,45.927
8089.9,50.93,27.621,46.035
8109.9,50.906,27.637,45.946
8129.9,50.822,27.652,45.922
8149.9,50.784,27.691,45.878
8169.9,50.761,27.604,45.878
8189.9,50.722,27.574,45.866
8209.9,50.688,27.461,45.912
8229.9,50.588,27.568,45.778
8249.9,50.575,27.546,45.747
8269.9,50.524,27.485,45.685
8289.9,50.478,27.625,45.763
8309.9,50.434,27.68,45.765
8329.9,50.367,27.744,45.666
8349.9,50.334,27.543,45.812
8369.9,50.269,27.746,45.883
8389.9,50.269,27.698,45.894
8409.9,50.204,27.741,45.75
8429.9,50.188,27.478,45.972
8449.9,50.139,27.389,45.888
8469.9,50.112,27.423,45.926
8489.9,50.069,27.49,45.665
8509.9,50.019,27.594,45.567
8529.9,49.974,27.571,45.549
8549.9,49.911,27.4,45.593
8569.9,49.874,27.424,45.774
8589.9,49.819,27.448,45.688
8609.9,49.768,27.356,45.554
8629.9,49.759,27.551,45.52
8649.9,49.695,27.362,45.529
8669.9,49.634,27.424,45.413
8689.9,49.588,27.284,45.682
8709.9,49.54,27.534,45.381
8729.9,49.517,27.553,45.47
8749.9,49.474,27.377,45.344
8769.9,49.421,27.36,45.622
8789.9,49.418,27.281,45.585
8809.9,49.346,27.186,45.416
8829.9,49.267,27.152,45.359
8849.9,49.23,27.306,45.357
8869.9,49.217,27.132,45.186
8889.9,49.154,27.282,45.107
8909.9,49.117,27.253,45.292
8929.9,49.097,27.225,45.086
8949.9,48.997,27.281,45.276
8969.9,48.957,27.129,45.216
8989.9,48.924,27.277,45.213
9009.9,48.867,27.246,45.281
9029.9,48.848,27.211,45.121
9049.9,48.828,27.359,45.21
9069.9,48.766,27.231,45.188
9089.9,48.704,27.335,45.241
9109.9,48.658,27.119,45.328
9129.9,48.61,27.207,45.164
9149.9,48.569,27.099,45.318
9169.9,48.553,27.135,45.16
9189.9,48.509,27.145,45.123
9209.9,48.467,27.115,44.946
9229.9,48.429,27.189,45.062
9249.9,48.343,27.112,45.056
9269.9,48.33,26.975,45.032
9289.9,48.277,27.006,45.039
9309.9,48.222,27.112,45.017
9329.9,48.208,27.155,44.807
9349.9,48.135,27.899,44.862
9369.9,48.09,27.263,45.018
9389.9,48.051,26.966,45.125
9409.9,47.981,27.101,45.861
9429.9,47.975,26.963,45.271
9449.9,47.925,27.004,44.903
9469.9,47.874,27.043,44.97
9489.9,47.827,27.007,44.794
9509.9,47.838,26.934,44.833
9529.9,47.745,27.027,44.951
9549.9,47.683,27.395,44.844
9569.9,47.639,27.51,44.759
9589.9,47.59,27.21,44.994
9609.9,47.573,26.754,45.2
9629.9,47.471,26.849,45.444
9649.9,47.456,27.332,45.21
9669.9,47.407,27.241,44.588
9689.9,47.38,27.121,44.695
9709.9,47.346,27.033,45.278
9729.9,47.311,27.176,45.19
9749.9,47.296,26.929,45.042
9769.9,47.232,26.691,44.898
9789.9,47.185,27.094,45.105
9809.9,47.1,26.757,44.753
9829.9,47.093,26.736,44.466
9849.9,47.011,26.89,44.981
9869.9,47.013,26.977,44.565
9889.9,46.966,26.902,44.573
9909.9,46.904,26.705,44.708
9929.9,46.835,26.659,44.868
9949.9,46.814,26.704,44.669
9969.9,46.728,26.534,44.514
9989.9,46.742,26.614,44.418
10009.9,46.679,26.513,44.403
10029.9,46.656,26.607,44.311
10049.9,46.6,26.693,44.282
10069.9,46.514,26.576,44.18
10089.9,46.483,26.897,44.226
10109.9,46.456,26.56,44.31
10129.9,46.389,26.408,44.352
10149.9,46.384,26.724,44.534
10169.9,46.332,26.714,44.239
10189.9,46.251,26.545,44.067
10209.9,46.217,26.547,44.367
10229.9,46.15,26.381,44.432
10249.9,46.147,26.492,44.204
10269.9,46.085,26.492,44.187
10289.9,46.057,26.446,43.998
10309.9,46.033,26.579,44.099
10329.9,45.952,26.269,44.073
10349.9,45.889,26.236,44.073
10369.9,45.857,26.176,44.207
10389.9,45.788,26.216,43.882
10409.9,45.742,26.235,43.823
10429.9,45.712,26.155,43.76
10449.9,45.681,26.142,43.787
10469.9,45.589,26.103,43.743
10489.9,45.548,26.306,43.697
10509.9,45.484,26.316,43.671
10529.9,45.487,26.118,43.677
10549.9,45.46,26.032,43.881
10569.9,45.38,25.988,43.892
10589.9,45.286,26.094,43.662
10609.9,45.276,26.032,43.557
10629.9,45.242,26.0,43.511
10649.9,45.171,25.898,43.588
10669.9,45.169,25.861,43.516
10689.9,45.106,25.9,43.495
10709.9,45.035,25.778,43.382
10729.9,45.002,25.949,43.327
10749.9,44.952,25.851,43.344
10769.9,44.918,25.875,43.203
10789.9,44.872,25.791,43.355
10809.9,44.82,25.774,43.258
10829.9,44.773,25.808,43.256
10849.9,44.711,25.937,43.221
10869.9,44.682,25.782,43.168
10889.9,44.645,25.738,43.227
10909.9,44.607,25.823,43.28
10929.9,44.522,25.798,43.17
10949.9,44.479,25.739,43.145
10969.9,44.441,25.658,43.175
10989.9,44.415,25.709,43.14
11009.9,44.39,25.671,43.054
11029.9,44.286,25.834,43.008
11049.9,44.273,25.742,43.035
11069.9,44.23,25.728,43.021
11089.9,44.151,25.709,43.161
11109.9,44.146,25.54,43.03
11129.9,44.054,25.66,43.062
11149.9,44.02,25.578,42.996
11169.9,43.991,25.58,42.84
11189.9,43.946,25.731,42.934
11209.9,43.894,25.699,42.82
11229.9,43.852,25.657,42.856
11249.9,43.78,25.453,42.99
11269.9,43.734,25.452,42.959
11289.9,43.711,25.474,42.891
11309.9,43.67,25.453,42.729
11329.9,43.644,25.435,42.68
11349.9,43.533,25.427,42.633
11369.9,43.487,25.401,42.621
11389.9,43.473,25.417,42.592
11409.9,43.43,25.45,42.59
11429.9,43.385,25.419,42.537
11449.9,43.34,25.301,42.56
11469.9,43.277,25.331,42.602
11489.9,43.221,25.342,42.549
11509.9,43.176,25.284,42.394
11529.9,43.091,25.31,42.442
11549.9,43.084,25.344,42.432
11569.9,43.05,25.244,42.363
11589.9,42.979,25.296,42.374
11609.9,42.927,25.211,42.419
11629.9,42.893,25.242,42.329
11649.9,42.829,25.261,42.365
11669.9,42.808,25.168,42.262
11689.9,42.712,25.108,42.295
11709.9,42.696,24.761,42.299
11729.9,42.58,24.521,42.194
11749.9,42.524,24.265,42.105
11769.9,42.481,23.941,41.774
11789.9,42.436,23.627,41.399
11809.9,42.334,23.169,40.994
11829.9,42.288,22.531,40.561
11849.9,42.123,22.075,40.015
11869.9,42.08,21.409,39.359
11889.9,41.966,20.656,38.421
11909.9,41.866,19.941,37.663
11929.9,41.722,19.131,36.676
11949.9,41.61,18.395,35.452
11969.9,41.465,17.75,34.337
11989.9,41.312,17.092,33.096
12009.9,41.174,16.465,31.917
12029.9,40.995,16.012,30.874
12049.9,40.869,15.786,29.75
12069.9,40.678,15.65,28.739
12089.9,40.527,15.119,27.954
12109.9,40.307,15.093,27.473
12129.9,40.16,14.873,27.073
12149.9,39.976,14.811,26.35
12169.9,39.795,14.579,26.201
12189.9,39.601,14.526,25.828
12209.9,39.49,14.358,25.693
12229.9,39.23,14.361,25.407
12249.9,39.122,14.195,25.281
12269.9,38.967,14.142,25.024
12289.9,38.787,14.082,24.96
12309.9,38.674,14.011,24.577
12329.9,38.52,13.828,24.539
12349.9,38.278,13.833,24.432
12369.9,38.117,13.673,24.231
12389.9,38.003,13.598,23.959
12409.9,37.828,13.341,23.957
12429.9,37.674,13.445,23.795
12449.9,37.548,13.402,23.563
12469.9,37.371,13.412,23.266
12489.9,37.204,13.288,23.345
12509.9,37.107,13.285,23.281
12529.9,36.944,13.162,23.256
12549.9,36.763,13.162,23.082
12569.9,36.632,13.085,23.002
12589.9,36.489,13.013,22.883
12609.9,36.289,12.948,22.793
12629.9,36.154,12.879,22.686
12649.9,36.039,12.837,22.58
12669.9,35.895,12.659,22.484
12689.9,35.737,12.69,22.355
12709.9,35.617,12.604,22.282
12729.9,35.434,12.493,22.013
12749.9,35.246,12.602,21.989
12769.9,35.175,12.443,21.887
12789.9,35.016,12.428,21.745
12809.9,34.898,12.412,21.787
12829.9,34.71,12.351,21.621
12849.9,34.554,12.248,21.548
12869.9,34.437,12.23,21.484
12889.9,34.28,12.111,21.402
12909.9,34.164,12.124,21.246
12929.9,33.989,12.065,21.167
12949.9,33.864,12.001,21.044
12969.9,33.678,11.964,21.034
12989.9,33.552,11.857,20.899
13009.9,33.442,11.786,20.837
13029.9,33.3,11.792,20.748
13049.9,33.191,11.717,20.587
13069.9,33.023,11.635,20.504
13089.9,32.911,11.662,20.471
13109.9,32.731,11.558,20.304
13129.9,32.638,11.541,20.215
13149.9,32.529,11.489,20.188
13169.9,32.374,11.433,20.043
13189.9,32.258,11.36,19.999
13209.9,32.145,11.336,19.911
13229.9,31.94,11.297,19.81
13249.9,31.856,11.207,19.721
13269.9,31.734,11.199,19.63
13289.9,31.598,11.122,19.548
13309.9,31.49,11.116,19.436
13329.9,31.363,11.104,19.384
13349.9,31.224,11.022,19.253
13369.9,31.101,10.994,19.243
13389.9,30.951,10.931,19.169
13409.9,30.856,10.849,19.049
13429.9,30.748,10.794,19.034
13449.9,30.626,10.819,18.907
13469.9,30.468,10.705,18.812
13489.9,30.339,10.683,18.734
13509.9,30.221,10.606,18.72
13529.9,30.103,10.55,18.6
13549.9,30.021,10.5,18.534
13569.9,29.882,10.477,18.42
13589.9,29.758,10.361,18.321
13609.9,29.608,10.438,18.227
13629.9,29.512,10.315,18.167
13649.9,29.39,10.278,18.01
13669.9,29.294,10.245,18.026
13689.9,29.183,10.211,17.859
13709.9,29.055,10.115,17.799
13729.9,28.921,10.105,17.735
13749.9,28.762,9.994,17.658
13769.9,28.673,9.995,17.555
13789.9,28.558,9.962,17.453
13809.9,28.441,9.932,17.325
13829.9,28.313,9.829,17.284
13849.9,28.161,9.79,17.223
13869.9,28.078,9.785,17.145
13889.9,27.92,9.71,17.039
13909.9,27.834,9.681,16.98
13929.9,27.689,9.644,16.884
13949.9,27.598,9.538,16.816
13969.9,27.472,9.526,16.727
13989.9,27.353,9.455,16.649
14009.9,27.266,9.427,16.493
14029.9,27.138,9.409,16.434
14049.9,27.023,9.345,16.38
14069.9,26.899,9.263,16.292
14089.9,26.795,9.255,16.224
14109.9,26.648,9.174,16.126
14129.9,26.56,9.118,16.025
14149.9,26.456,9.099,15.982
14169.9,26.364,9.076,15.874
14189.9,26.252,9.005,15.794
14209.9,26.148,8.971,15.711
14229.9,26.023,8.956,15.645
14249.9,25.906,8.854,15.569
14269.9,25.786,8.81,15.497
14289.9,25.666,8.746,15.436
14309.9,25.587,8.759,15.307
14329.9,25.453,8.659,15.254
14349.9,25.33,8.636,15.181
14369.9,25.235,8.65,15.144
14389.9,25.148,8.552,15.03
14409.9,25.053,8.536,14.992
14429.9,24.927,8.433,14.949
14449.9,24.836,8.434,14.834
14469.9,24.7,8.367,14.783
14489.9,24.585,8.361,14.662
14509.9,24.489,8.289,14.614
14529.9,24.376,8.265,14.552
14549.9,24.308,8.166,14.463
14569.9,24.168,8.194,14.391
14589.9,24.06,8.113,14.326
14609.9,23.956,8.026,14.174
14629.9,23.875,8.05,14.161
14649.9,23.775,8.046,14.047
14669.9,23.656,7.965,13.945
14689.9,23.544,7.943,13.927
14709.9,23.431,7.843,13.894
14729.9,23.385,7.823,13.787
14749.9,23.242,7.805,13.722
14769.9,23.126,7.738,13.593
14789.9,23.045,7.711,13.556
14809.9,22.955,7.69,13.503
14829.9,22.835,7.6,13.4
14849.9,22.722,7.557,13.367
14869.9,22.588,7.536,13.306
14889.9,22.549,7.464,13.167
14909.9,22.381,7.469,13.118
14929.9,22.295,7.421,13.06
14949.9,22.174,7.354,12.965
14969.9,22.095,7.319,12.936
14989.9,21.952,7.242,12.868
15009.9,21.88,7.221,12.758
15029.9,21.762,7.229,12.714
15049.9,21.668,7.187,12.617
15069.9,21.557,7.107,12.56
15089.9,21.499,7.061,12.544
15109.9,21.363,6.997,12.481
15129.9,21.232,7.047,12.398
15149.9,21.165,6.95,12.287
15169.9,21.071,6.912,12.207
15189.9,20.971,6.908,12.23
15209.9,20.886,6.835,12.123
15229.9,20.777,6.808,12.046
15249.9,20.683,6.779,12.01
15269.9,20.578,6.721,11.935
15289.9,20.472,6.692,11.855
15309.9,20.396,6.631,11.826
15329.9,20.282,6.589,11.744
15349.9,20.206,6.551,11.695
15369.9,20.063,6.552,11.593
15389.9,19.988,6.507,11.553
15409.9,19.871,6.489,11.484
15429.9,19.833,6.405,11.452
15449.9,19.723,6.386,11.388
15469.9,19.637,6.327,11.341
15489.9,19.496,6.287,11.262
15509.9,19.455,6.274,11.193
15529.9,19.344,6.245,11.119
15549.9,19.261,6.203,11.077
15569.9,19.164,6.147,11.007
15589.9,19.078,6.14,10.987
15609.9,18.984,6.08,10.902
15629.9,18.887,6.057,10.851
15649.9,18.796,6.01,10.81
15669.9,18.689,6.002,10.732
15689.9,18.651,5.888,10.702
15709.9,18.519,5.93,10.64
15729.9,18.439,5.913,10.601
15749.9,18.369,5.825,10.505
15769.9,18.27,5.793,10.514
15789.9,18.165,5.767,10.455
15809.9,18.106,5.741,10.389
15829.9,18.027,5.712,10.34
15849.9,17.91,5.631,10.301
15869.9,17.813,5.616,10.268
15889.9,17.748,5.599,10.206
15909.9,17.652,5.593,10.132
15929.9,17.587,5.516,10.098
15949.9,17.476,5.493,10.06
15969.9,17.415,5.47,10.037
15989.9,17.318,5.43,9.97
16009.9,17.251,5.375,9.936
16029.9,17.156,5.357,9.893
16049.9,17.083,5.34,9.85
16069.9,17.024,5.293,9.782
16089.9,16.909,5.266,9.749
16109.9,16.794,5.225,9.723
16129.9,16.727,5.236,9.647
16149.9,16.661,5.135,9.616
16169.9,16.555,5.118,9.569
16189.9,16.497,5.088,9.545
16209.9,16.382,5.07,9.446
16229.9,16.335,5.043,9.408
16249.9,16.228,4.986,9.38
16269.9,16.149,4.984,9.33
16289.9,16.058,4.962,9.3
16309.9,15.972,4.933,9.242
16329.9,15.905,4.874,9.211
16349.9,15.818,4.876,9.189
16369.9,15.72,4.79,9.14
16389.9,15.657,4.772,9.088
16409.9,15.595,4.778,9.055
16429.9,15.513,4.704,8.991
16449.9,15.411,4.714,8.95
16469.9,15.359,4.648,8.935
16489.9,15.256,4.625,8.87
16509.9,15.174,4.617,8.846
16529.9,15.121,4.592,8.797
16549.9,15.079,4.567,8.76
16569.9,15.013,4.524,8.715
16589.9,14.907,4.487,8.684
16609.9,14.851,4.454,8.658
16629.9,14.774,4.413,8.614
16649.9,14.705,4.418,8.566
16669.9,14.651,4.351,8.535
16689.9,14.578,4.348,8.489
16709.9,14.482,4.31,8.482
16729.9,14.402,4.299,8.42
16749.9,14.319,4.249,8.393
16769.9,14.246,4.216,8.356
16789.9,14.172,4.201,8.319
16809.9,14.156,4.169,8.283
16829.9,14.066,4.141,8.256
16849.9,13.959,4.127,8.217
16869.9,13.92,4.093,8.177
16889.9,13.827,4.062,8.129
16909.9,13.742,4.045,8.095
16929.9,13.7,3.993,8.051
16949.9,13.656,3.982,8.025
16969.9,13.584,3.949,7.991
16989.9,13.505,3.949,7.953
17009.9,13.446,3.893,7.914
17029.9,13.364,3.876,7.882
17049.9,13.303,3.854,7.865
17069.9,13.285,3.84,7.841
17089.9,13.158,3.776,7.786
17109.9,13.122,3.771,7.748
17129.9,13.039,3.761,7.712
17149.9,12.952,3.746,7.649
17169.9,12.922,3.703,7.625
17189.9,12.878,3.686,7.595
17209.9,12.809,3.663,7.57
17229.9,12.738,3.619,7.543
17249.9,12.684,3.613,7.498
17269.9,12.631,3.604,7.492
17289.9,12.536,3.528,7.421
17309.9,12.497,3.513,7.391
17329.9,12.435,3.53,7.358
17349.9,12.382,3.461,7.29
17369.9,12.321,3.437,7.263
17389.9,12.243,3.426,7.246
17409.9,12.195,3.408,7.176
17429.9,12.11,3.398,7.15
17449.9,12.094,3.365,7.143
17469.9,12.042,3.34,7.107
17489.9,11.964,3.323,7.077
17509.9,11.885,3.26,7.047
17529.9,11.862,3.297,7.026
17549.9,11.78,3.27,6.997
17569.9,11.71,3.228,6.924
17589.9,11.666,3.201,6.923
17609.9,11.596,3.162,6.885
17629.9,11.556,3.154,6.831
17649.9,11.483,3.107,6.798
17669.9,11.442,3.12,6.765
17689.9,11.369,3.089,6.729
17709.9,11.302,3.061,6.678
17729.9,11.284,3.027,6.692
17749.9,11.205,3.011,6.661
17769.9,11.135,2.99,6.629
17789.9,11.08,2.986,6.578
17809.9,11.035,2.958,6.569
17829.9,11.007,2.957,6.521
17849.9,10.912,2.899,6.494
17869.9,10.853,2.891,6.468
17889.9,10.776,2.911,6.474
17909.9,10.737,2.836,6.403
17929.9,10.693,2.842,6.376
17949.9,10.625,2.82,6.361
17969.9,10.553,2.778,6.3
17989.9,10.502,2.775,6.278
18009.9,10.413,2.769,6.234
18029.9,10.358,2.754,6.189
18049.9,10.353,2.708,6.167
18069.9,10.296,2.684,6.168
18089.9,10.236,2.686,6.107
18109.9,10.174,2.635,6.091
18129.9,10.133,2.657,6.068
18149.9,10.06,2.593,6.031
18169.9,10.068,2.584,5.998
18189.9,9.981,2.586,5.964
18209.9,9.955,2.551,5.921
18229.9,9.89,2.526,5.915
18249.9,9.834,2.53,5.869
18269.9,9.789,2.494,5.84
18289.9,9.721,2.493,5.792
18309.9,9.661,2.467,5.79
18329.9,9.631,2.452,5.735
18349.9,9.588,2.436,5.712
18369.9,9.559,2.366,5.672
18389.9,9.502,2.435,5.639
18409.9,9.416,2.34,5.633
18429.9,9.398,2.339,5.57
18449.9,9.34,2.351,5.58
18469.9,9.312,2.35,5.5
18489.9,9.217,2.301,5.5
18509.9,9.233,2.262,5.482
18529.9,9.176,2.271,5.538
18549.9,9.124,2.247,5.508
18569.9,9.083,2.219,5.446
18589.9,9.033,2.23,5.461
18609.9,8.966,2.186,5.432
18629.9,8.905,2.178,5.369
18649.9,8.848,2.172,5.369
18669.9,8.857,2.116,5.329
18689.9,8.789,2.148,5.282
18709.9,8.753,2.116,5.29
18729.9,8.745,2.089,5.248
18749.9,8.657,2.082,5.243
18769.9,8.601,2.034,5.206
18789.9,8.564,2.044,5.165
18809.9,8.538,2.028,5.126
18829.9,8.502,2.029,5.1
18849.9,8.432,2.013,5.081
18869.9,8.423,1.98,5.051
18889.9,8.322,1.972,5.043
18909.9,8.281,1.955,5.006
18929.9,8.228,1.936,4.99
18949.9,8.219,1.91,4.931
18969.9,8.145,1.905,4.934
18989.9,8.14,1.877,4.885
19009.9,8.098,1.895,4.857
19029.9,8.07,1.85,4.826
19049.9,8.013,1.846,4.802
19069.9,7.96,1.816,4.805
19089.9,7.964,1.8,4.767
19109.9,7.886,1.814,4.739
19129.9,7.856,1.782,4.713
19149.9,7.834,1.753,4.697
19169.9,7.774,1.766,4.686
19189.9,7.702,1.75,4.64
19209.9,7.73,1.712,4.619
19229.9,7.672,1.71,4.581
19249.9,7.657,1.708,4.569
19269.9,7.582,1.693,4.53
19289.9,7.511,1.675,4.524
19309.9,7.475,1.642,4.509
19329.9,7.458,1.649,4.447
19349.9,7.429,1.631,4.453
19369.9,7.365,1.613,4.418
19389.9,7.358,1.594,4.418
19409.9,7.356,1.605,4.387
19429.9,7.283,1.56,4.365
19449.9,7.222,1.571,4.329
19469.9,7.164,1.544,4.33
19489.9,7.153,1.526,4.283
19509.9,7.103,1.523,4.287
19529.9,7.079,1.5,4.25
19549.9,7.053,1.512,4.237
19569.9,7.026,1.487,4.232
19589.9,6.974,1.478,4.204
19609.9,6.944,1.464,4.186
19629.9,6.893,1.434,4.167
19649.9,6.915,1.439,4.15
19669.9,6.835,1.429,4.11
19689.9,6.806,1.404,4.081
19709.9,6.757,1.387,4.07
19729.9,6.741,1.375,4.05
19749.9,6.682,1.379,4.048
19769.9,6.643,1.371,4.009
19789.9,6.589,1.356,3.976
19809.9,6.57,1.326,3.986
19829.9,6.528,1.325,3.953
19849.9,6.524,1.317,3.94
19869.9,6.52,1.297,3.904
19889.9,6.452,1.291,3.887
19909.9,6.428,1.273,3.884
19929.9,6.412,1.269,3.872
19949.9,6.362,1.252,3.837
19969.9,6.318,1.24,3.823
19989.9,6.291,1.229,3.808
20009.9,6.276,1.203,3.788
20029.9,6.253,1.2,3.762
20049.9,6.216,1.198,3.756
20069.9,6.194,1.182,3.732
20089.9,6.151,1.18,3.724
20109.9,6.091,1.171,3.691
20129.9,6.044,1.144,3.68
20149.9,6.02,1.143,3.676
20169.9,6.014,1.119,3.644
20189.9,5.977,1.118,3.636
20209.9,5.962,1.104,3.621
20229.9,5.918,1.099,3.595
20249.9,5.872,1.094,3.587
20269.9,5.867,1.071,3.566
20289.9,5.833,1.081,3.542
20309.9,5.815,1.054,3.533
20329.9,5.76,1.032,3.506
20349.9,5.726,1.042,3.508
20369.9,5.682,1.034,3.48
20389.9,5.698,1.011,3.461
20409.9,5.644,1.005,3.456
20429.9,5.582,0.995,3.43
20449.9,5.568,0.983,3.418
20469.9,5.551,0.978,3.394
20489.9,5.49,0.962,3.391
20509.9,5.513,0.947,3.362
20529.9,5.476,0.953,3.348
20549.9,5.438,0.936,3.336
20569.9,5.412,0.926,3.317
20589.9,5.36,0.909,3.31
20609.9,5.354,0.911,3.291
20629.9,5.346,0.887,3.284
20649.9,5.272,0.884,3.272
20669.9,5.251,0.881,3.255
20689.9,5.221,0.867,3.242
20709.9,5.207,0.864,3.223
20729.9,5.195,0.862,3.208
20749.9,5.147,0.836,3.199
20769.9,5.165,0.831,3.175
20789.9,5.11,0.817,3.163
20809.9,5.091,0.812,3.153
20829.9,5.036,0.796,3.143
20849.9,4.98,0.803,3.124
20869.9,5.006,0.788,3.116
20889.9,4.952,0.786,3.104
20909.9,4.943,0.765,3.075
20929.9,4.902,0.765,3.068
20949.9,4.923,0.746,3.059
20969.9,4.838,0.749,3.039
20989.9,4.89,0.74,3.034
21009.9,4.757,0.738,3.01
21029.9,4.724,0.725,3.0
21049.9,4.737,0.711,2.99
21069.9,4.719,0.712,2.982
21089.9,4.675,0.69,2.965
21109.9,4.667,0.692,2.951
21129.9,4.625,0.676,2.941
21149.9,4.595,0.676,2.93
21169.9,4.621,0.661,2.914
21189.9,4.558,0.661,2.906
21209.9,4.562,0.648,2.889
21229.9,4.526,0.639,2.87
21249.9,4.524,0.632,2.86
21269.9,4.464,0.629,2.845
21289.9,4.424,0.621,2.825
21309.9,4.417,0.613,2.811
21329.9,4.393,0.606,2.798
21349.9,4.362,0.601,2.78
21369.9,4.337,0.594,2.768
21389.9,4.296,0.588,2.757
21409.9,4.259,0.581,2.743
21429.9,4.258,0.575,2.723
21449.9,4.267,0.569,2.708
21469.9,4.189,0.574,2.689
21489.9,4.197,0.561,2.678
21509.9,4.296,0.123,2.661
21529.9,4.322,0.064,2.621
21549.9,4.395,0.058,2.34
21569.9,4.436,0.067,1.944
21589.9,4.508,0.057,1.878
21609.9,4.531,0.064,1.834
21629.9,4.617,0.059,1.819
21649.9,4.638,0.056,1.822
21669.9,4.668,0.067,1.808
21689.9,4.716,0.057,1.805
21709.9,4.77,0.053,1.8
21729.9,4.791,0.067,1.791
21749.9,4.765,0.053,1.783
21769.9,4.839,0.055,1.777
21789.9,4.917,0.058,1.764
21809.9,4.931,0.059,1.767
21829.9,5.013,0.058,1.762
21849.9,5.02,0.05,1.75
21869.9,5.04,0.057,1.745
21889.9,5.081,0.059,1.739
21909.9,5.145,0.051,1.743
21929.9,5.168,0.063,1.731
21949.9,5.195,0.053,1.741
21969.9,5.213,0.056,1.727
21989.9,5.245,0.055,1.717
22009.9,5.288,0.055,1.715
22029.9,5.306,0.057,1.706
22049.9,5.36,0.058,1.704
22069.9,5.393,0.059,1.706
22089.9,5.41,0.055,1.701
22109.9,5.438,0.055,1.698
22129.9,5.472,0.054,1.702
22149.9,5.464,0.055,1.696
22169.9,5.508,0.053,1.677
22189.9,5.537,0.056,1.677
22209.9,5.571,0.061,1.677
22229.9,5.596,0.055,1.671
22249.9,5.602,0.057,1.678
22269.9,5.643,0.06,1.674
22289.9,5.707,0.057,1.664
22309.9,5.706,0.06,1.664
22329.9,5.717,0.059,1.665
22349.9,5.738,0.061,1.659
22369.9,5.741,0.058,1.661
22389.9,5.782,0.057,1.66
22409.9,5.82,0.059,1.652
22429.9,5.833,0.056,1.652
22449.9,5.859,0.058,1.647
22469.9,5.881,0.059,1.644
22489.9,5.88,0.064,1.645
22509.9,5.883,0.061,1.645
22529.9,5.946,0.063,1.647
22549.9,5.958,0.059,1.644
22569.9,6.02,0.057,1.629
22589.9,6.008,0.061,1.63
22609.9,6.026,0.059,1.632
22629.9,6.067,0.057,1.629
22649.9,6.042,0.064,1.632
22669.9,6.086,0.062,1.625
22689.9,6.09,0.059,1.625
22709.9,6.138,0.055,1.626
22729.9,6.136,0.06,1.624
22749.9,6.137,0.06,1.623
22769.9,6.193,0.06,1.621
22789.9,6.202,0.061,1.619
22809.9,6.216,0.062,1.62
22829.9,6.228,0.063,1.618
22849.9,6.256,0.061,1.618
22869.9,6.299,0.059,1.619
22889.9,6.291,0.055,1.616
22909.9,6.282,0.06,1.618
22929.9,6.305,0.059,1.613
22949.9,6.342,0.059,1.617
22969.9,6.313,0.065,1.618
22989.9,6.322,0.064,1.615
23009.9,6.381,0.058,1.609
23029.9,6.373,0.054,1.614
23049.9,6.37,0.067,1.61
23069.9,6.395,0.06,1.611
23089.9,6.411,0.064,1.606
23109.9,6.428,0.059,1.609
23129.9,6.448,0.063,1.607
23149.9,6.434,0.064,1.606
23169.9,6.507,0.058,1.605
23189.9,6.515,0.062,1.607
23209.9,6.514,0.063,1.599
23229.9,6.514,0.064,1.601
23249.9,6.503,0.059,1.599
23269.9,6.541,0.06,1.599
23289.9,6.532,0.06,1.595
23309.9,6.537,0.058,1.597
23329.9,6.586,0.059,1.594
23349.9,6.606,0.058,1.595
23369.9,6.601,0.063,1.596
23389.9,6.578,0.058,1.594
23409.9,6.591,0.065,1.593
23429.9,6.623,0.067,1.59
23449.9,6.646,0.063,1.59
23469.9,6.63,0.061,1.588
23489.9,6.661,0.058,1.588
23509.9,6.697,0.061,1.588
23529.9,6.673,0.062,1.586
23549.9,6.694,0.066,1.586
23569.9,6.701,0.062,1.585
23589.9,6.732,0.062,1.583
23609.9,6.744,0.056,1.583
23629.9,6.733,0.063,1.584
23649.9,6.729,0.062,1.58
23669.9,6.769,0.064,1.579
23689.9,6.782,0.055,1.579
23709.9,6.781,0.06,1.578
23729.9,6.769,0.066,1.577
23749.9,6.77,0.061,1.575
23769.9,6.779,0.059,1.574
23789.9,6.818,0.056,1.573
23809.9,6.812,0.066,1.567
23829.9,6.817,0.062,1.569
23849.9,6.828,0.063,1.568
23869.9,6.823,0.06,1.567
23889.9,6.864,0.062,1.568
23909.9,6.866,0.065,1.565
23929.9,6.865,0.066,1.564
23949.9,6.874,0.063,1.565
23969.9,6.881,0.055,1.561
23989.9,6.87,0.065,1.563
24009.9,6.903,0.068,1.559
24029.9,6.902,0.061,1.563
24049.9,6.908,0.06,1.559
24069.9,6.905,0.061,1.558
24089.9,6.929,0.054,1.559
24109.9,6.891,0.061,1.558
24129.9,6.916,0.06,1.555
24149.9,6.918,0.062,1.559
24169.9,6.906,0.06,1.559
24189.9,6.907,0.06,1.56
24209.9,6.948,0.066,1.556
24229.9,6.951,0.066,1.559
24249.9,6.956,0.067,1.555
24269.9,6.907,0.065,1.556
24289.9,6.949,0.057,1.558
24309.9,6.961,0.064,1.554
24329.9,6.957,0.065,1.553
24349.9,6.971,0.062,1.555
24369.9,6.96,0.064,1.556
24389.9,6.939,0.062,1.551
24409.9,6.954,0.065,1.551
24429.9,6.969,0.065,1.551
24449.9,6.963,0.058,1.553
24469.9,6.953,0.06,1.548
24489.9,6.949,0.066,1.547
24509.9,6.966,0.063,1.549
24529.9,6.96,0.068,1.547
24549.9,6.964,0.064,1.544
24569.9,6.945,0.061,1.543
24589.9,6.96,0.063,1.543
24609.9,6.956,0.062,1.54
24629.9,6.965,0.073,1.543
24649.9,6.962,0.059,1.541
24669.9,6.973,0.071,1.542
24689.9,7.0,0.068,1.538
24709.9,7.007,0.063,1.535
24729.9,7.003,0.059,1.536
24749.9,6.996,0.07,1.537
24769.9,6.98,0.068,1.535
24789.9,7.005,0.066,1.537
24809.9,7.005,0.065,1.533
24829.9,6.994,0.063,1.534
24849.9,7.02,0.056,1.532
24869.9,6.997,0.069,1.533
24889.9,6.998,0.067,1.531
24909.9,6.998,0.061,1.536
24929.9,6.995,0.065,1.533
24949.9,7.015,0.06,1.53
24969.9,6.991,0.062,1.527
24989.9,7.015,0.06,1.531
25009.9,7.001,0.065,1.527
25029.9,6.991,0.057,1.532
25049.9,6.982,0.068,1.529
25069.9,7.005,0.059,1.527
25089.9,6.994,0.068,1.528
25109.9,6.988,0.064,1.527
25129.9,7.018,0.061,1.524
25149.9,6.991,0.065,1.526
25169.9,7.011,0.062,1.525
25189.9,7.0,0.068,1.519
25209.9,7.014,0.063,1.516
25229.9,7.054,0.06,1.521
25249.9,7.032,0.062,1.518
25269.9,7.055,0.06,1.52
25289.9,7.05,0.064,1.518
25309.9,7.048,0.059,1.515
25329.9,7.044,0.063,1.514
25349.9,7.054,0.069,1.517
25369.9,7.053,0.064,1.513
25389.9,7.04,0.067,1.513
0.0,0.0,0.0,1.517
